source,target,weight
G. Ertl,"ertl, g",6
A. J. Leggett,"leggett, aj",5
Adolf Butenandt,"butenandt, a",5
B. Katz,"katz, b",5
Bengt Samuelsson,samuelss.b,5
David H. Hubel,"hubel, dh",5
David H. Hubel,"wiesel, tn",5
Herbert S. Gasser,"erlanger, j",5
Herbert S. Gasser,"gasser, hs",5
Joseph Erlanger,"erlanger, j",5
Joseph Erlanger,"gasser, hs",5
Richard F. Heck,"heck, r",5
Richard P. Feynman,"feynman, rp",5
Roald Hoffmann,"hoffmann, r",5
Frederick Sanger,"sanger, f",4
G. Herzberg,"herzberg, g.",4
George Wald,"wald, g",4
H. G. Khorana,"khorana, hg",4
Irving Langmuir,"langmuir, i",4
Ivar Giæver,"giaever, i",4
J. Friedman,"kendall, hw",4
Jacques Monod,"jacob, f",4
James E. Rothman,"rothman, je",4
Mats H¨¢mberg,samuelss.b,4
R. B. Woodward,"hoffmann, r",4
Ra?nar Granit,"granit, r",4
Roger Heim,"tsien, r",4
Roger Y. Tsien,"tsien, r",4
Rosalyn S. Yalow,"yalow, rs",4
Solomon A. Berson,"yalow, rs",4
Thomas C. S¨¹dhof,"sudhof, tc",4
A B Cubitt,"tsien, r",3
A. M. Boyarski,"perl, ml",3
Albert Claude,"claude, a",3
Alexis Carrel,"carrel, a",3
Andr¨¦ Cournand,"cournand, a",3
Andr¨¦ Cournand,"richards, dw",3
Arne Tiselius,"tiselius, a",3
Arthur H. Compton,"compton, ah",3
Arvid Carlsson,"carlsson, a",3
August Krogh,"krogh, a",3
B. A. Lulu,"perl, ml",3
B. E. King,"wineland, david",3
B. Jean-Marie,"perl, ml",3
B. Richter,"perl, ml",3
Barbara McClintock,"mcclintock, b",3
Baruj Benacerraf,benacerr.b,3
C. C. Morehouse,"perl, ml",3
C. De Duve,"duve, cd",3
C. E. Friedberg,"perl, ml",3
C. Monroe,"wineland, david",3
Cyril Norman Hinshelwood,"hinshelwood, c",3
D. Briggs,"perl, ml",3
D. Fryberger,"perl, ml",3
D. H. Coward,"friedman, ji",3
D. H. Coward,"kendall, hw",3
D. H. Coward,"taylor, re",3
D. J. Wineland,"wineland, david",3
D. Lyon,"perl, ml",3
D. M. Meekhof,"wineland, david",3
Dickinson W. Richards,"cournand, a",3
Dickinson W. Richards,"richards, dw",3
E. B. Chain,"chain, e",3
Eric Betzig,"betzig, e",3
Erwin Schrödinger,"schrodinger, e",3
F. Bulos,"perl, ml",3
F. Pierre,"perl, ml",3
F. Vannucci,"perl, ml",3
Francis Crick,"crick, fhc",3
Francis Crick,"watson, jd",3
Frederick Soddy,"soddy, f",3
G. Goldhaber,"perl, ml",3
G. H. Trilling,"perl, ml",3
G. Hanson,"perl, ml",3
G. J. Feldman,"perl, ml",3
G. S. Abrams,"perl, ml",3
H. DeStaebler,"friedman, ji",3
H. DeStaebler,"kendall, hw",3
H. DeStaebler,"taylor, re",3
H. Staudinger,"staudinger, h",3
Hans Dehmelt,"dehmelt, hg",3
Hartmut Michel,"michel, h",3
Henry W. Kendall,"friedman, ji",3
Henry W. Kendall,"kendall, hw",3
Henry W. Kendall,"taylor, re",3
J. A. Kadyk,"perl, ml",3
J. Friedman,"friedman, ji",3
J. Friedman,"taylor, re",3
J. M. Paterson,"perl, ml",3
J. S. Whitaker,"perl, ml",3
J. Wiss,"perl, ml",3
Konrad Lorenz,"lorenz, k",3
L. R??i?ka,"ruzicka, l",3
Liping Mo,"friedman, ji",3
Liping Mo,"kendall, hw",3
Liping Mo,"taylor, re",3
M. Breidenbach,"friedman, ji",3
M. Breidenbach,"kendall, hw",3
M. Breidenbach,"perl, ml",3
M. Breidenbach,"taylor, re",3
M. Calvin,"calvin, m",3
M. L. Perl,"perl, ml",3
Michael J. Smith,"smith, m",3
Murray Gell‐Mann,"gellmann, m",3
Niels Bohr,"bohr, n",3
P. A. Rapidis,"perl, ml",3
R. B. Woodward,"woodward, r",3
R. F. Schwitters,"perl, ml",3
R. R. Larsen,"perl, ml",3
Reinhard Jahn,"sudhof, tc",3
Richard R. Ernst,"ernst, r",3
Roald Hoffmann,"lipscomb, w",3
Theodor W. Hänsch,"hansch, tw",3
Theodore William Richards,"richards, t",3
Thomas S?llner,"rothman, je",3
Torsten N. Wiesel,"hubel, dh",3
Torsten N. Wiesel,"wiesel, tn",3
V. Lüth,"perl, ml",3
V. Prelog,"prelog, v",3
W. Chinowsky,"perl, ml",3
W. Tanenbaum,"perl, ml",3
William N. Lipscomb,"lipscomb, w",3
Y. Nambu,"nambu, yoichiro",3
Y. T. Lee,"lee, y",3
A. A. Hamian,"mcdonald, ab",2
A. Astbury,"rubbia, c",2
A. Astbury,"vandermeer, s",2
A. Bézaguet,"rubbia, c",2
A. Bézaguet,"vandermeer, s",2
A. D. Gardner,"chain, e",2
A. Di Ciaccio,"rubbia, c",2
A. Di Ciaccio,"vandermeer, s",2
A. Einstein,"einstein, a",2
A. Givernaud,"rubbia, c",2
A. Givernaud,"vandermeer, s",2
A. Gonidec,"rubbia, c",2
A. Gonidec,"vandermeer, s",2
A. Hime,"mcdonald, ab",2
A. Honma,"rubbia, c",2
A. Honma,"vandermeer, s",2
A. Kernan,"rubbia, c",2
A. Kernan,"vandermeer, s",2
A. Klug,"klug, a",2
A. Knox,"mcdonald, ab",2
A. L. Hallin,"mcdonald, ab",2
A. Lévêque,"rubbia, c",2
A. Lévêque,"vandermeer, s",2
A. M. Boyarski,"richter, b",2
A. M. Litke,"perl, ml",2
A. Norton,"rubbia, c",2
A. Norton,"vandermeer, s",2
A. Orkin-Lecourtois,"rubbia, c",2
A. Orkin-Lecourtois,"vandermeer, s",2
A. P. Ferraris,"mcdonald, ab",2
A. Placci,"rubbia, c",2
A. Placci,"vandermeer, s",2
A. R. Todd,"todd, a",2
A. Ryle,"sanger, f",2
A. Windaus,"windaus, a",2
A.A. Benson,"calvin, m",2
A.K. Nandi,"rubbia, c",2
A.K. Nandi,"vandermeer, s",2
Aage Bohr,"bohr, a.",2
Aage Bohr,"mottelson, br",2
Aaron Ciechanover,"ciechanover, a",2
Aaron Ciechanover,"hershko, a",2
Abdelhamid Maali,"haroche, serge",2
Alan Coulson,"smith, m",2
Alan G. MacDiarmid,"heeger, a",2
Alan G. MacDiarmid,"macdiarmid, a",2
Alan G. MacDiarmid,shirakaw.h,2
Alan J. Heeger,"heeger, a",2
Alan J. Heeger,"macdiarmid, a",2
Alan J. Heeger,shirakaw.h,2
Andrew P. Carter,"ramakrishnan, v",2
Andrew V. Schally,"schally, av",2
Archibald Vivian Hill,"hill, av",2
Arieh Warshel,"levitt, m",2
Arieh Warshel,"warshel, a",2
Arthur H. Rosenfeld,"alvarez, lw",2
Avram Hershko,"ciechanover, a",2
Avram Hershko,"hershko, a",2
B. A. Houssay,"houssay, ba",2
B. A. Lulu,"richter, b",2
B. Aubert,"rubbia, c",2
B. Aubert,"vandermeer, s",2
B. G. Barrell,"smith, m",2
B. Jean-Marie,"richter, b",2
B. N. Brockhouse,"brockhouse, bn",2
B. Richter,"richter, b",2
B. Sadoulet,"perl, ml",2
B. T. Cleveland,"mcdonald, ab",2
Ben R. Mottelson,"bohr, a.",2
Ben R. Mottelson,"mottelson, br",2
Brian T. Wimberly,"ramakrishnan, v",2
C. A. Duba,"mcdonald, ab",2
C. Bacci,"rubbia, c",2
C. Bacci,"vandermeer, s",2
C. C. Morehouse,"richter, b",2
C. Cochet,"rubbia, c",2
C. Cochet,"vandermeer, s",2
C. E. Friedberg,"richter, b",2
C. Ghesquière,"rubbia, c",2
C. Ghesquière,"vandermeer, s",2
C. H. Townes,"townes, ch",2
C. Hodges,"rubbia, c",2
C. Hodges,"vandermeer, s",2
C. Jillings,"mcdonald, ab",2
C. K. Hargrove,"mcdonald, ab",2
C. M. G. Lattes,"powell, cf",2
C. Y. Bowers,"schally, av",2
Carleton W. Roberts,"duvigneaud, v",2
Charlotte Ressler,"duvigneaud, v",2
Christopher C. M. Kyba,"mcdonald, ab",2
Clyde A. Hutchison,"smith, m",2
D Bronk,"adrian, ed",2
D. Bimberg,"alferov, zi",2
D. Briggs,"richter, b",2
D. C. Phillips,"kendrew, j",2
D. Cline,"rubbia, c",2
D. Cline,"vandermeer, s",2
D. D. Osheroff,"lee, dm",2
D. D. Osheroff,"richards, rc",2
D. Dallman,"rubbia, c",2
D. Dallman,"vandermeer, s",2
D. Denegri,"rubbia, c",2
D. Denegri,"vandermeer, s",2
D. DiBitonto,"rubbia, c",2
D. DiBitonto,"vandermeer, s",2
D. F. Cowen,"mcdonald, ab",2
D. Fryberger,"richter, b",2
D. Hoffmann,"rubbia, c",2
D. Hoffmann,"vandermeer, s",2
D. Holthuizen,"rubbia, c",2
D. Holthuizen,"vandermeer, s",2
D. Kryn,"rubbia, c",2
D. Kryn,"vandermeer, s",2
D. Lyon,"richter, b",2
D. M. Lee,"lee, dm",2
D. M. Lee,"richards, rc",2
D. R. Grant,"mcdonald, ab",2
D. R. Herschbach,herschba.dr,2
D. Spackman,"stein, w",2
David J. Jones,"hall, jl",2
Ditlev E. Brodersen,"ramakrishnan, v",2
E. Bonvin,"mcdonald, ab",2
E. D. Adrian,"adrian, ed",2
E. D. Bloom,"friedman, ji",2
E. D. Bloom,"kendall, hw",2
E. D. Bloom,"taylor, re",2
E. D. Earle,"mcdonald, ab",2
E. D. Hallman,"mcdonald, ab",2
E. Eisenhandler,"rubbia, c",2
E. Eisenhandler,"vandermeer, s",2
E. J. Louis,"heeger, a",2
E. J. Louis,"macdiarmid, a",2
E. J. Louis,shirakaw.h,2
E. Locci,"rubbia, c",2
E. Locci,"vandermeer, s",2
E. P. Abraham,"chain, e",2
E. P. Wigner,"wigner, ep",2
E. Radermacher,"rubbia, c",2
E. Radermacher,"vandermeer, s",2
E. T. H. Clifford,"mcdonald, ab",2
E. W. Beier,"mcdonald, ab",2
E. W. Hagley,"haroche, serge",2
E.D. Frank,"mcdonald, ab",2
E.E. Latta,"ertl, g",2
E.V. Appleton,"appleton, ev",2
Ei©\ichi Negishi,"negishi, e",2
Elizabeth H. Blackburn,"blackburn, eh",2
Ernest O. Lawrence,"lawrence, eo",2
F Jacob,"jacob, f",2
F. A. Duncan,"mcdonald, ab",2
F. Bulos,"richter, b",2
F. Ceradini,"rubbia, c",2
F. Ceradini,"vandermeer, s",2
F. Dalnoki‐Veress,"mcdonald, ab",2
F. Enzmann,"schally, av",2
F. Lacava,"rubbia, c",2
F. Lacava,"vandermeer, s",2
F. Pierre,"richter, b",2
F. R. Atherton,"todd, a",2
F. Vannucci,"richter, b",2
Fran?ois Jacob,"jacob, f",2
Fran?oise Appelmans,"duve, cd",2
Frederick Sanger,"smith, m",2
G. A. Cox,"mcdonald, ab",2
G. Bauer,"rubbia, c",2
G. Bauer,"vandermeer, s",2
G. Bühler,"mcdonald, ab",2
G. C. Hartmann,"kendall, hw",2
G. Doucas,"mcdonald, ab",2
G. E. Fischer,"perl, ml",2
G. E. Fischer,"richter, b",2
G. Fontaine,"rubbia, c",2
G. Fontaine,"vandermeer, s",2
G. Goldhaber,"richter, b",2
G. Grayer,"rubbia, c",2
G. Grayer,"vandermeer, s",2
G. H. Trilling,"richter, b",2
G. Hanson,"richter, b",2
G. J. Feldman,"richter, b",2
G. Jonkmans,"mcdonald, ab",2
G. Jorat,"rubbia, c",2
G. Jorat,"vandermeer, s",2
G. Maurin,"rubbia, c",2
G. Maurin,"vandermeer, s",2
G. Piano Mortari,"rubbia, c",2
G. Piano Mortari,"vandermeer, s",2
G. S. Abrams,"richter, b",2
G. T. Ewan,"mcdonald, ab",2
G.T.J. Arnison,"rubbia, c",2
G.T.J. Arnison,"vandermeer, s",2
GEORGE R. MINOT,"minot, gr",2
GEORGE R. MINOT,"murphy, wp",2
Georg Wittig,"wittig, g",2
Georg von B¨¦k¨¦sy,"vonbekesy, g",2
George E. Palade,"palade, ge",2
Georgette M. Buga,"ignarro, lj",2
Gerhard Domagk,"domagk, g",2
Gillian M. Air,"smith, m",2
Glenn T. Horn,"mullis, k",2
H Heller,"ciechanover, a",2
H Heller,"hershko, a",2
H. C. Evans,"mcdonald, ab",2
H. Conrad,"ertl, g",2
H. Faissner,"rubbia, c",2
H. Faissner,"vandermeer, s",2
H. Fergani,"mcdonald, ab",2
H. H. Chen,"mcdonald, ab",2
H. Heron,"mcdonald, ab",2
H. Hoffmann,"rubbia, c",2
H. Hoffmann,"vandermeer, s",2
H. L. Lynch,"perl, ml",2
H. L. Lynch,"richter, b",2
H. Muirhead,"rubbia, c",2
H. Muirhead,"vandermeer, s",2
H. Reithler,"rubbia, c",2
H. Reithler,"vandermeer, s",2
H. W. Florey,"chain, e",2
H. W. Lee,"mcdonald, ab",2
Hamilton O. Smith,"smith, ho",2
Hannes Alfvén,"alfven, h",2
Harry Openshaw,"todd, a",2
Hartmut Michel,"deisenhofer, j",2
Hartmut Michel,"huber, r",2
Henrik Dam,"dam, h",2
Henry A. Erlich,"mullis, k",2
Hideki Shirakawa,"heeger, a",2
Hideki Shirakawa,"macdiarmid, a",2
Hideki Shirakawa,shirakaw.h,2
Hideki Yukawa,"yukawa, h",2
I. Blevis,"mcdonald, ab",2
I. Lawson,"mcdonald, ab",2
I. R. Kenyon,"rubbia, c",2
I. R. Kenyon,"vandermeer, s",2
Immanuel Bloch,"hansch, tw",2
J Kendrew,"kendrew, j",2
J-E. Augustin,"perl, ml",2
J-E. Augustin,"richter, b",2
J. A. Kadyk,"richter, b",2
J. Bigu,"mcdonald, ab",2
J. Boger,"mcdonald, ab",2
J. C. Barton,"mcdonald, ab",2
J. C. Eccles,"eccles, jc",2
J. C. Polanyi,"polanyi, j",2
J. Cameron,"mcdonald, ab",2
J. D. Anglin,"mcdonald, ab",2
J. D. Hepburn,"mcdonald, ab",2
J. Deisenhofer,"deisenhofer, j",2
J. Deisenhofer,"huber, r",2
J. Deisenhofer,"michel, h",2
J. Drees,"friedman, ji",2
J. Drees,"kendall, hw",2
J. Drees,"taylor, re",2
J. Dreyer,"haroche, serge",2
J. Dunmore,"mcdonald, ab",2
J. E. Zipse,"perl, ml",2
J. E. Zipse,"richter, b",2
J. Farine,"mcdonald, ab",2
J. G. Hykawy,"mcdonald, ab",2
J. G. Moffatt,"khorana, hg",2
J. Garvey,"rubbia, c",2
J. Garvey,"vandermeer, s",2
J. Heise,"mcdonald, ab",2
J. Heydenreich,"alferov, zi",2
J. Heyrovsky,"heyrovsky, j",2
J. K. Trautman,"betzig, e",2
J. L. Hall,"hall, jl",2
J. Law,"mcdonald, ab",2
J. M. Parson,"lee, y",2
J. M. Paterson,"richter, b",2
J. M. Raimond,"haroche, serge",2
J. P. Lees,"rubbia, c",2
J. P. Lees,"vandermeer, s",2
J. R. Klein,"mcdonald, ab",2
J. R. Leslie,"mcdonald, ab",2
J. Ransdell,"rubbia, c",2
J. Ransdell,"vandermeer, s",2
J. S. Whitaker,"richter, b",2
J. V. Germani,"mcdonald, ab",2
J. Wiss,"richter, b",2
J.-J. Malosse,"rubbia, c",2
J.-J. Malosse,"vandermeer, s",2
J.-P. Laugier,"rubbia, c",2
J.-P. Laugier,"vandermeer, s",2
J.-P. Mendiburu,"rubbia, c",2
J.-P. Mendiburu,"vandermeer, s",2
J.-P. Revol,"rubbia, c",2
J.-P. Revol,"vandermeer, s",2
J.B. B?ler,"schally, av",2
J.D. Dowell,"rubbia, c",2
J.D. Dowell,"vandermeer, s",2
J.L. Hansen,"steitz, t",2
James T. Dakin,"perl, ml",2
Jinendra K. Ranka,"hall, jl",2
JoAnne L. Hewett,"mcdonald, ab",2
John C. Fiddes,"smith, m",2
John R. Vane,"vane, jr",2
Joseph W. Ziller,"grubbs, r",2
Julian Schwinger,"schwinger, j",2
K S Wood,"ignarro, lj",2
K. C. Frame,"mcdonald, ab",2
K. Christmann,"ertl, g",2
K. Eggert,"rubbia, c",2
K. Eggert,"vandermeer, s",2
K. M. Heeger,"mcdonald, ab",2
K. Miyano,"koshiba, m",2
K. T. Lesko,"mcdonald, ab",2
Karl Folkers,"schally, av",2
Karl Giboni,"rubbia, c",2
Karl Giboni,"vandermeer, s",2
Kary B. Mullis,"mullis, k",2
Kazutoshi Takahashi,"yamanaka, s",2
Kenneth G. Wilson,"wilson, kg",2
Kunio Miki,"deisenhofer, j",2
Kunio Miki,"huber, r",2
Kunio Miki,"michel, h",2
Kurt J. Bloch,benacerr.b,2
L. Dobrzyński,"rubbia, c",2
L. Dobrzyński,"vandermeer, s",2
L. Naumann,"rubbia, c",2
L. Naumann,"vandermeer, s",2
L. Paoluzi,"rubbia, c",2
L. Paoluzi,"vandermeer, s",2
L.O. Hertzberger,"rubbia, c",2
L.O. Hertzberger,"vandermeer, s",2
Larry A. Gross,"tsien, r",2
Luis W. Alvarez,"alvarez, lw",2
M. A. F. Barnett,"appleton, ev",2
M. Bercovitch,"mcdonald, ab",2
M. Breidenbach,"richter, b",2
M. Brune,"haroche, serge",2
M. C. Browne,"mcdonald, ab",2
M. C. Perillo Isaac,"mcdonald, ab",2
M. Calvetti,"rubbia, c",2
M. Calvetti,"vandermeer, s",2
M. Chen,"mcdonald, ab",2
M. Corden,"rubbia, c",2
M. Corden,"vandermeer, s",2
M. DeBeer,"rubbia, c",2
M. DeBeer,"vandermeer, s",2
M. Demoulin,"rubbia, c",2
M. Demoulin,"vandermeer, s",2
M. G. Boulay,"mcdonald, ab",2
M. G. Bowler,"mcdonald, ab",2
M. Howe,"mcdonald, ab",2
M. Jennings,"chain, e",2
M. L. Perl,"richter, b",2
M. L. Stevenson,"alvarez, lw",2
M. Lay,"mcdonald, ab",2
M. M. Fowler,"mcdonald, ab",2
M. Moricca,"rubbia, c",2
M. Moricca,"vandermeer, s",2
M. Nakahata,"koshiba, m",2
M. Neumann,"ertl, g",2
M. Pimiä,"rubbia, c",2
M. Pimiä,"vandermeer, s",2
M. R. Dragowsky,"mcdonald, ab",2
M. Takita,"koshiba, m",2
M.-N. Minard,"rubbia, c",2
M.-N. Minard,"vandermeer, s",2
Mario R. Capecchi,"capecchi, mr",2
Marise Ph. Born,"born, m",2
Marius Grundmann,"alferov, zi",2
Markus Greiner,"hansch, tw",2
Max Born,"born, m",2
Michael Levitt,"levitt, m",2
Michael Levitt,"warshel, a",2
N. Bloembergen,"bloember, n",2
N. Ellis,"rubbia, c",2
N. Ellis,"vandermeer, s",2
N. G. Heatley,"chain, e",2
N. N. Ledentsov,"alferov, zi",2
N.A. Jelley,"mcdonald, ab",2
Nathan Brown,"smith, m",2
Nenad Ban,"steitz, t",2
O. Epp,"deisenhofer, j",2
O. Epp,"huber, r",2
O. Epp,"michel, h",2
Olaf Mandel,"hansch, tw",2
Oliver Smithies,"smithies, o",2
Otto Stern,"stern, o",2
Otto Warb¨¹rg,"warburg, o",2
P. A. Rapidis,"richter, b",2
P. Catz,"rubbia, c",2
P. Catz,"vandermeer, s",2
P. Cennini,"rubbia, c",2
P. Cennini,"vandermeer, s",2
P. Erhard,"rubbia, c",2
P. Erhard,"vandermeer, s",2
P. Fatt,"katz, b",2
P. J. Doe,"mcdonald, ab",2
P. J. Harvey,"mcdonald, ab",2
P. Jagam,"mcdonald, ab",2
P. Keener,"mcdonald, ab",2
P. Kirk,"kendall, hw",2
P. M. S. Blackett,"blackett, pms",2
P. S. Kop’ev,"alferov, zi",2
P. S. Pershan,"bloember, n",2
P. W. Bridgman,"bridgman, pw",2
P. Werner,"alferov, zi",2
P.I.P. Kalmus,"rubbia, c",2
P.I.P. Kalmus,"vandermeer, s",2
Panayotis G. Katsoyannis,"duvigneaud, v",2
Patrick M. Slocombe,"smith, m",2
Paul J. Flory,"flory, p",2
Paul Nurse,"nurse, p",2
Peter B. Moore,"steitz, t",2
Peter C. Doherty,"doherty, pc",2
Peter C. Doherty,zinkerna.rm,2
Peter Novick,"schekman, r",2
Peter W. Higgs,"higgs, pw",2
Peyton Rous,"rous, p",2
Poul Nissen,"steitz, t",2
R E Byrns,"ignarro, lj",2
R. A. Black,"mcdonald, ab",2
R. A. Millikan,"millikan, ra",2
R. Böck,"rubbia, c",2
R. Böck,"vandermeer, s",2
R. C. Allen,"mcdonald, ab",2
R. F. Schwitters,"richter, b",2
R. Ford,"mcdonald, ab",2
R. Frey,"rubbia, c",2
R. Frey,"vandermeer, s",2
R. Frühwirth,"rubbia, c",2
R. Frühwirth,"vandermeer, s",2
R. Gianetto,"duve, cd",2
R. Hazama,"mcdonald, ab",2
R. J. Boardman,"mcdonald, ab",2
R. J. Hollebeek,"perl, ml",2
R. J. Hollebeek,"richter, b",2
R. J. Komar,"mcdonald, ab",2
R. Keeler,"rubbia, c",2
R. Keeler,"vandermeer, s",2
R. Kinnunen,"rubbia, c",2
R. Kinnunen,"vandermeer, s",2
R. L. Hahn,"mcdonald, ab",2
R. L. Helmer,"mcdonald, ab",2
R. R. Larsen,"richter, b",2
R. S. Cahn,"prelog, v",2
R. T. Kouzes,"mcdonald, ab",2
R.J. Homer,"rubbia, c",2
R.J. Homer,"vandermeer, s",2
Randall K. Saiki,"mullis, k",2
Randy Schekman,"schekman, r",2
Richard E. Taylor,"friedman, ji",2
Richard E. Taylor,"kendall, hw",2
Richard E. Taylor,"taylor, re",2
Richard R. Schrock,"schrock, r",2
Richard Willst?tter,"willstatter, r",2
Rita Levi©\Montalcini,"cohen, s",2
Rizwan Haq,"mcdonald, ab",2
Robert C. Richardson,"lee, dm",2
Robert C. Richardson,"richards, rc",2
Robert H. Grubbs,"grubbs, r",2
Robert Huber,"deisenhofer, j",2
Robert Huber,"huber, r",2
Robert Huber,"michel, h",2
Robert J. Morgan-Warren,"ramakrishnan, v",2
Robert S. Windeler,"hall, jl",2
Robert Wattiaux,"duve, cd",2
Roger C. Wells,"richards, t",2
Rolf M. Zinkernagel,"doherty, pc",2
Rolf M. Zinkernagel,zinkerna.rm,2
Roy J. Glauber,"glauber, rj",2
Rudolf L. M�ssbauer,"mossbauer, rl",2
Rushdy Ahmad,"mcdonald, ab",2
Ruth Hubbard,"wald, g",2
S. B. Kim,"koshiba, m",2
S. Centro,"rubbia, c",2
S. Centro,"vandermeer, s",2
S. Cittolin,"rubbia, c",2
S. Cittolin,"vandermeer, s",2
S. D. Biller,"mcdonald, ab",2
S. Geer,"rubbia, c",2
S. Geer,"vandermeer, s",2
S. Haroche,"haroche, serge",2
S. J. Brice,"mcdonald, ab",2
S. R. Elliott,"mcdonald, ab",2
Salvador Gil,"mcdonald, ab",2
Scott A. Diddams,"hall, jl",2
Selman A. Waksman,"waksman, sa",2
Severo Ochoa,"ochoa, s",2
Shigeru Baba,"negishi, e",2
Shinya Yamanaka,"yamanaka, s",2
Shoichi Sakata,"yukawa, h",2
Sidney W. Whiteheart,"rothman, je",2
SonBinh T. Nguyen,"grubbs, r",2
Stanford Moore,"stein, w",2
Stanley Cohen,"cohen, s",2
Stephen J. Scharf,"mullis, k",2
Steven T. Cundiff,"hall, jl",2
T. Hasegawa,"kajita, t",2
T. Hasegawa,"koshiba, m",2
T. J. Bowles,"mcdonald, ab",2
T. J. V. Bowcock,"rubbia, c",2
T. J. V. Bowcock,"vandermeer, s",2
T. Kajita,"koshiba, m",2
T. Kutter,"mcdonald, ab",2
T. Markiewicz,"rubbia, c",2
T. Markiewicz,"vandermeer, s",2
T. McMahon,"rubbia, c",2
T. McMahon,"vandermeer, s",2
T. N. Wiesel,"hubel, dh",2
T. N. Wiesel,"wiesel, tn",2
T. Reichstein,"reichstein, t",2
T. V. Bullard,"mcdonald, ab",2
The Svedberg,"svedberg, t",2
Thomas A. Steitz,"steitz, t",2
Thomas Andersen,"mcdonald, ab",2
U. Gösele,"alferov, zi",2
Uwe Richter,"alferov, zi",2
V. Karimäki,"rubbia, c",2
V. Karimäki,"vandermeer, s",2
V. Lüth,"richter, b",2
V. Ramakrishnan,"ramakrishnan, v",2
Vincent du Vigneaud,"duvigneaud, v",2
W. Chinowsky,"richter, b",2
W. Frati,"mcdonald, ab",2
W. J. Heintzelman,"mcdonald, ab",2
W. Jank,"rubbia, c",2
W. Jank,"vandermeer, s",2
W. Kohn,"kohn, w",2
W. L. Bragg,"bragg, wl",2
W. Nernst,"nernst, w",2
W. Shockley,"shockley, w",2
W. Tanenbaum,"richter, b",2
W.F. Davidson,"mcdonald, ab",2
W.J. Haynes,"rubbia, c",2
W.J. Haynes,"vandermeer, s",2
W.R. Gibson,"rubbia, c",2
W.R. Gibson,"vandermeer, s",2
Walter Norman Haworth,"haworth, w",2
William Clemons,"ramakrishnan, v",2
William H. Stein,"stein, w",2
X. Chen,"mcdonald, ab",2
X. Dai,"mcdonald, ab",2
Y. D. Chan,"mcdonald, ab",2
Y. Giraud–Héraud,"rubbia, c",2
Y. Giraud–Héraud,"vandermeer, s",2
Y. Oyama,"koshiba, m",2
Y. Suzuki,"kajita, t",2
Y. Suzuki,"koshiba, m",2
Y. Totsuka,"koshiba, m",2
Yoshinori Ohsumi,"ohsumi, y",2
Zh. I. Alfërov,"alferov, zi",2
Zolt¨¢n ¨®v¨¢ry,benacerr.b,2
"gabor, d",Деннис Габор,2
?ke Bertler,"carlsson, a",1
A L Haas,"ciechanover, a",1
A L Haas,"hershko, a",1
A L Haas,"rose, i",1
A Lagerqvist,"herzberg, g.",1
A. A. Michelson,albert a. michelson,1
A. A. Penzias,"penzias, aa",1
A. A. Penzias,"wilson, rw",1
A. Ashkin,"chu, s",1
A. B. Dawson,"whipple, gh",1
A. Bashan,"yonath, a",1
A. C. Gossard,"stormer, hl",1
A. C. Gossard,"tsui, dc",1
A. Clocchiatti,"riess, adam g.",1
A. Clocchiatti,"schmidt, bp",1
A. D. Gardner,"florey, hw",1
A. D. Hershey,"hershey, ad",1
A. E. Zhukov,"alferov, zi",1
A. F. Huxley,"hodgkin, al",1
A. F. Huxley,"huxley, af",1
A. F. Reid,"thomson, gp",1
A. Fert,"fert, a",1
A. Friederich,"fert, a",1
A. G. Sanders,"chain, e",1
A. G. Sanders,"florey, hw",1
A. Goldschmidt,"mcdonald, ab",1
A. Gr¨¹ssner,"reichstein, t",1
A. Habig,"kajita, t",1
A. Habig,"koshiba, m",1
A. Hamer,"mcdonald, ab",1
A. Hewish,"hewish, a",1
A. J. P. Martin,"martin, a",1
A. J. P. Martin,"synge, r",1
A. K. Geǐm,"geim, andre k.",1
A. K. Geǐm,"novoselov, kostya s.",1
A. K. Mann,"koshiba, m",1
A. Kibayashi,"kajita, t",1
A. Kibayashi,"koshiba, m",1
A. Kogut,"smoot, gf",1
A. L. Hodgkin,"hodgkin, al",1
A. L. Hodgkin,"huxley, af",1
A. L. Hodgkin,"katz, b",1
A. L. Schawlow,"schawlow, al",1
A. L. Schawlow,"townes, ch",1
A. M. Attyah,"cournand, a",1
A. M. Attyah,"richards, dw",1
A. M. Cormack,"cormack, am",1
A. M. Litke,"richter, b",1
A. Minten,"friedman, ji",1
A. Minten,"kendall, hw",1
A. Minten,"taylor, re",1
A. O. Caldeira,"leggett, aj",1
A. R. Stokes,"wilkins, mhf",1
A. S. Fruchter,"perlmutter, s",1
A. S. Hamer,"mcdonald, ab",1
A. SZENT-GY?RGYI,"gyorgyi, as",1
A. Schatz,"waksman, sa",1
A. T. Suzuki,"koshiba, m",1
A. V. Filippenko,"riess, adam g.",1
A. V. Filippenko,"schmidt, bp",1
A. Warshel,"karplus, m",1
A. Warshel,"warshel, a",1
A. Yu. Egorov,"alferov, zi",1
A.C.T. North,"perutz, m",1
A.Calhoun Witham,"cournand, a",1
A.Calhoun Witham,"richards, dw",1
A.J. Stentz,"hall, jl",1
ABDUS SALAM,"salam, a",1
Aaron Ciechanover,"rose, i",1
Aaron Himmelstein,"cournand, a",1
Aaron Himmelstein,"richards, dw",1
Abraham Learner,"haworth, w",1
Ada Yonath,"yonath, a",1
Ada Zamir,"holley, rw",1
Adam G. Riess,"riess, adam g.",1
Adam G. Riess,"schmidt, bp",1
Adolf Butenandt,"ruzicka, l",1
Ahmed H. Zewail,"zewail, a",1
Aileen E. Boyd,"tsien, r",1
Akira Suzuki,"suzuki, a",1
Akito Sakai,"kajita, t",1
Akito Sakai,"koshiba, m",1
Alain Aspect,"cohentannoudji, c",1
Alain Marty,"neher, e",1
Alain Marty,"sakmann, b",1
Alan B. Kent,"krebs, eg",1
Alan Coulson,"sanger, f",1
Alan H. Diercks,"riess, adam g.",1
Alan H. Diercks,"schmidt, bp",1
Alex Brown,"fowler, wa",1
Alex Kim,"perlmutter, s",1
Alexander G. Petrenko,"sudhof, tc",1
Alexander Poltorak,"beutler, b",1
Alfred G. Gilman,"gilman, ag",1
Allan M. Maxam,"gilbert, w",1
Anders Krogh,"krogh, a",1
Andrew Fire,"fire, a",1
Andrew Fire,"mello, cc",1
Andrew G. W. Leslie,"walker, j",1
Anling Kuo,"mackinnon, r",1
Ann F. Cullis,"perutz, m",1
Annikki Linnasalmi,"hassel, o",1
Ante Tocilj,"yonath, a",1
Arnold Berk,"sharp, pa",1
Arthur Bauman,"yalow, rs",1
Arthur Berken,benacerr.b,1
Arthur C. Wahl,"seaborg, g",1
Arthur Ernest Everest,"willstatter, r",1
Arthur Harden,"harden, a",1
Arthur J. Zaug,"cech, t",1
Arthur L. Haas,"ciechanover, a",1
Arthur L. Haas,"hershko, a",1
Atsushi Miyawaki,"tsien, r",1
Atsushi Okada,"kajita, t",1
Atsushi Okada,"koshiba, m",1
Avram Hershko,"rose, i",1
Aziz Sancar,"sancar, a",1
B Dobberstein,"blobel, g",1
B Samuelsson,samuelss.b,1
B. C. Barish,"friedman, ji",1
B. C. Barish,"kendall, hw",1
B. C. Barish,"taylor, re",1
B. G. Cortez,"koshiba, m",1
B. K. Kim,"kajita, t",1
B. K. Kim,"koshiba, m",1
B. Leibundgut,"riess, adam g.",1
B. Leibundgut,"schmidt, bp",1
B. Lerch,"khorana, hg",1
B. Maglić,"alvarez, lw",1
B. Ottar,"hassel, o",1
B. Roald,"hassel, o",1
B. Rosen,"herzberg, g.",1
B. Sadoulet,"richter, b",1
B. Sakmann,"neher, e",1
B. Sakmann,"sakmann, b",1
B. Schmidt,"riess, adam g.",1
B. Schmidt,"schmidt, bp",1
B. Strandberg,"kendrew, j",1
B. Viren,"kajita, t",1
B. Viren,"koshiba, m",1
Barry J. Marshall,"marshall, bj",1
Barry J. Marshall,"warren, jr",1
Baruch S. Blumberg,"blumberg, bs",1
Beat H. Meier,"ernst, r",1
Ben L. Feringa,"feringa, b",1
Benedikt Westermann,"rothman, je",1
Bengt Pernow,"bergstrom, s",1
Bernard Dietrich,"lehn, j",1
Bertil Waldeck,"carlsson, a",1
Berton C. Pressman,"duve, cd",1
Betsy Layton,"beutler, b",1
Boris V. Zemelman,"rothman, je",1
Bradley E. Schaefer,"perlmutter, s",1
Brahim Lounis,"moerner, w",1
Brian D. Josephson,"josephson, bd",1
Brian K. Kobilka,"kobilka, b",1
Brian K. Kobilka,"lefkowitz, r",1
Brian T. Chait,"mackinnon, r",1
Brinton M. Miller,"omura, s",1
Bruce Beutler,"beutler, b",1
Bruno Lema?tre,"hoffmann, ja",1
Bruno Rossi,"giacconi, r",1
C Field,"schekman, r",1
C. Axler-Blin,"barresinoussi, f",1
C. Axler-Blin,"montagnier, l",1
C. C. Guthrie,"carrel, a",1
C. C. Lauritsen,"fowler, wa",1
C. Dauguet,"barresinoussi, f",1
C. Dauguet,"montagnier, l",1
C. F. POWELLDR.,"powell, cf",1
C. F. Powell,"powell, cf",1
C. G. Phillips,"granit, r",1
C. G. Shull,"shull, cg",1
C. H. Best,"banting, fg",1
C. H. Best,"macleod, jjr",1
C. H. Townes,"schawlow, al",1
C. I. Westbrook,"phillips, wd",1
C. J. DURANT,"black, jw",1
C. J. Davisson,"davisson, cj",1
C. K. Chiang,"heeger, a",1
C. K. Chiang,"macdiarmid, a",1
C. K. Chiang,shirakaw.h,1
C. K. Ingold,"prelog, v",1
C. K. Jung,"kajita, t",1
C. K. Jung,"koshiba, m",1
C. L. Bennett,"mather, jc",1
C. L. Bennett,"smoot, gf",1
C. Lidman,"perlmutter, s",1
C. M. Fletcher,"chain, e",1
C. Mauger,"kajita, t",1
C. Mauger,"koshiba, m",1
C. McGrew,"kajita, t",1
C. McGrew,"koshiba, m",1
C. N. Yang,"lee, td",1
C. N. Yang,"yang, cn",1
C. Pennypacker,"perlmutter, s",1
C. R. Fincher,"heeger, a",1
C. R. Fincher,"macdiarmid, a",1
C. R. Fincher,shirakaw.h,1
C. R. Skoglund,"granit, r",1
C. Robin Ganellin,"black, jw",1
C. Rouzioux,"barresinoussi, f",1
C. Rouzioux,"montagnier, l",1
C. Saji,"kajita, t",1
C. Saji,"koshiba, m",1
C. V. Raman,"raman, cv",1
C. W. Stubbs,"riess, adam g.",1
C. W. Stubbs,"schmidt, bp",1
C. W. Walter,"kajita, t",1
C. W. Walter,"koshiba, m",1
C. Wiegand,"chamberlain, o",1
C. Wiegand,"segre, e",1
C. Wunderlich,"haroche, serge",1
C. Yanagisawa,"kajita, t",1
C. Yanagisawa,"koshiba, m",1
C.G. Barkla,"barkla, cg",1
C.H. Eary,"campbell, wc",1
C.L. Cowan,"reines, f",1
Cai Li,"sudhof, tc",1
Carl D. Anderson,"anderson, cd",1
Carl D. Bennett,"kobilka, b",1
Carl D. Bennett,"lefkowitz, r",1
Carl Rhodes,"berg, p",1
Carl Wieman,"cornell, ea",1
Carl Wieman,"wiemann, ce",1
Carol W. Greider,"blackburn, eh",1
Carol W. Greider,"greider, cw",1
Catherine D. Strader,"kobilka, b",1
Catherine D. Strader,"lefkowitz, r",1
Cecilia Guerrier-Takada,"altman, s",1
Ch. Gerber,"binnig, g",1
Ch. Gerber,"rohrer, h",1
Chandra K. Mittal,"murad, f",1
Charles Edouard Guillaume,charles edouard guillaume,1
Charles F. Stevens,"sudhof, tc",1
Charles H. Lineweaver,"smoot, gf",1
Charles H. Slocumb,"hench, ps",1
Charles J. Pedersen,"pedersen, c",1
Charles Thomson Rees Wilson,"wilson, ctr",1
Chin Kai Meng,"fenn, j",1
Chris Galanos,"beutler, b",1
Christian B. Anfinsen,"anfinsen, c",1
Christiane Dietrich©\Buchecker,"sauvage, j",1
Christiane N¨¹sslein©\Volhard,"nussleinvolhard, c",1
Christiane N¨¹sslein©\Volhard,"wieschaus, e",1
Christophe Van Huffel,"beutler, b",1
Christopher Kelk Ingold,"prelog, v",1
Chwan K. Chiang,"heeger, a",1
Chwan K. Chiang,"macdiarmid, a",1
Chwan K. Chiang,shirakaw.h,1
Clarence J. Gibbs,"gajdusek, dc",1
Claude Cohen‐Tannoudji,"cohentannoudji, c",1
Claude George,"prigogine, i",1
Clemens Vonrhein,"ramakrishnan, v",1
College John M. Swan,"duvigneaud, v",1
Conway W. Snyder,"fowler, wa",1
Craig C. Mello,"fire, a",1
Craig C. Mello,"mello, cc",1
Craig J. Hogan,"riess, adam g.",1
Craig J. Hogan,"schmidt, bp",1
Craig M. Whitehouse,"fenn, j",1
C¨¦sar Milstein,"kohler, g",1
C¨¦sar Milstein,"milstein, c",1
D. C. Gajdusek,"gajdusek, dc",1
D. C. Tsui,"stormer, hl",1
D. C. Tsui,"tsui, dc",1
D. Casper,"kajita, t",1
D. Casper,"koshiba, m",1
D. D. Osheroff,"osheroff, dd",1
D. Dau,"rubbia, c",1
D. Dau,"vandermeer, s",1
D. Doyle,"mackinnon, r",1
D. E. Groom,"perlmutter, s",1
D. Gratias,"shechtman, d",1
D. H. R. Barton,"barton, d",1
D. H. Rammler,"khorana, hg",1
D. J. Thouless,"kosterlitz, jm",1
D. J. Thouless,"thouless, dj",1
D. L. D. Caspar,"klug, a",1
D. Linglin,"rubbia, c",1
D. Linglin,"vandermeer, s",1
D. Lüke,"perl, ml",1
D. M. Fowell,"cournand, a",1
D. M. Fowell,"richards, dw",1
D. M. Lee,"osheroff, dd",1
D. R. Herschbach,"lee, y",1
D. S. Lees,"blackett, pms",1
D. Shechtman,"shechtman, d",1
D. Spackman,"moore, s",1
D. St¨¦helin,"bishop, jm",1
D. St¨¦helin,"varmus, he",1
D. Suhayda,"campbell, wc",1
D. T. Wilkinson,"smoot, gf",1
D. Takemori,"kajita, t",1
D. Takemori,"koshiba, m",1
D. Taub,"woodward, r",1
D. W. MacCorquodale,"doisy, ea",1
D.A. Ostlind,"campbell, wc",1
D.D. Vonberg,"ryle, m",1
D.R. Davies,"kendrew, j",1
D.S. Harmer,raymond davis jr.,1
Da Jiang,"geim, andre k.",1
Da Jiang,"novoselov, kostya s.",1
Daisy Dussoix,"arber, w",1
Dale Birdwell,"beutler, b",1
Dallin Durfee,"ketterle, w",1
Dan Stamper-Kurn,"ketterle, w",1
Daniel E. Gottschling,"cech, t",1
Daniel L. Distel,"hunt, t",1
Daniel Nathans,"nathans, d",1
Daniela Janell,"yonath, a",1
Darrell N. Ward,guillemi.r,1
David Baltimore,baltimor.d,1
David H. Gelfand,"mullis, k",1
David H. Sloan,"lawrence, eo",1
David J. De Rosier,"klug, a",1
David J. Gross,"gross, dj",1
David J. Gross,"wilczek, f",1
David J. Jones,"hansch, tw",1
David J. Reiss,"riess, adam g.",1
David J. Reiss,"schmidt, bp",1
David J. Strader,"kobilka, b",1
David J. Strader,"lefkowitz, r",1
David MacDougall,"giauque, w",1
David T. Wilkinson,"mather, jc",1
David W. Melton,"smithies, o",1
Dino A. De Angelis,"rothman, je",1
Dominic M. Desiderio,guillemi.r,1
Donald A. Glaser,"glaser, da",1
Donald J. Cram,"cram, d",1
Dorothy Crowfoot Hodgkin,"hodgkin, d",1
Douglas C. Prasher,"chalfie, m",1
Douglas C. Prasher,"tsien, r",1
Dwight J. Ingle,"kendall, ec",1
E Haber,"anfinsen, c",1
E M Ross,"gilman, ag",1
E. Arimondo,"cohentannoudji, c",1
E. B. Chain,"florey, hw",1
E. B. Lewis,"lewis, eb",1
E. Bartholdi,"ernst, r",1
E. Blaufuss,"kajita, t",1
E. Blaufuss,"koshiba, m",1
E. Bugle,"waksman, sa",1
E. C. Anderson,"libby, w",1
E. Capato,"ruzicka, l",1
E. Donnall Thomas,thomas ed,1
E. Dwek,"mather, jc",1
E. Eldred,"granit, r",1
E. G. Williams,"hinshelwood, c",1
E. H. Archibald,"richards, t",1
E. Ichihara,"kajita, t",1
E. Ichihara,"koshiba, m",1
E. J. Corey,"corey, e",1
E. Kearns,"kajita, t",1
E. Kearns,"koshiba, m",1
E. L. Tatum,"beadle, gw",1
E. L. Tatum,"lederberg, j",1
E. L. Tatum,"tatum, el",1
E. L. Wright,"mather, jc",1
E. L. Wright,"smoot, gf",1
E. Linglin,"rubbia, c",1
E. Linglin,"vandermeer, s",1
E. Mantica,"natta, g",1
E. Marie Parsons,"black, jw",1
E. Navratil,"loewi, o",1
E. O. Stapley,"omura, s",1
E. O. Wollan,"shull, cg",1
E. Pietarinen,"rubbia, c",1
E. Pietarinen,"vandermeer, s",1
E. Rutherford,"rutherford, e",1
E. S. Cheng,"mather, jc",1
E. S. Cheng,"smoot, gf",1
E. Schr�dinger,"schrodinger, e",1
E. Sharkey,"kajita, t",1
E. Sharkey,"koshiba, m",1
E. T. S. Walton,"cockcroft, jd",1
E. T. S. Walton,"walton, ets",1
E. W. Beier,"koshiba, m",1
E. Weibel,"binnig, g",1
E. Weibel,"rohrer, h",1
Ed Kaita,"smoot, gf",1
Edmond H. Fischer,"fischer, eh",1
Edmond H. Fischer,"krebs, eg",1
Edvard I Moser,"moser, ei",1
Edvard I Moser,"moser, mb",1
Edward A. Doisy,"doisy, ea",1
Edward B. Baker,"olah, g",1
Edward C. Franklin,benacerr.b,1
Edward C. Kendall,"hench, ps",1
Edward C. Kendall,"kendall, ec",1
Edward E. Baker,"omura, s",1
Edward F. MacNichol,"hartline, hk",1
Edward M. Purcell,"purcell, em",1
Edward W. Morley,albert a. michelson,1
Edwin G. Krebs,"fischer, eh",1
Edwin G. Krebs,"krebs, eg",1
Edwin M. McMillan,"mcmillan, e",1
Edwin M. McMillan,"seaborg, g",1
Edwin R. Chapman,"sudhof, tc",1
Eero Tommila,"hinshelwood, c",1
Egas Moniz,"moniz, e",1
Egenhard Link,"sudhof, tc",1
Elaine Rands,"kobilka, b",1
Elaine Rands,"lefkowitz, r",1
Eleanor DeF. Baldwin,"cournand, a",1
Eleanor DeF. Baldwin,"richards, dw",1
Elizabeth Burgi,"elion, gb",1
Elizabeth Burgi,"hitchings, gh",1
Elizabeth H. Blackburn,"greider, cw",1
Elizabeth H. Blackburn,"szostak, jw",1
Eloise R. Snyder,"krebs, eg",1
Elvin A. Kabat,"tiselius, a",1
Emil Fischer,"fischer, e",1
Emil Fischer,"fischer, h",1
Emilio Segrè,"chamberlain, o",1
Emilio Segrè,"segre, e",1
Enrico Fermi,"fermi, e",1
Erhard Holzkamp,"ziegler, k",1
Eric Cornell,"cornell, ea",1
Eric Cornell,"wiemann, ce",1
Eric R. Kandel,"kandel, er",1
Eric T. Rosenthal,"hunt, t",1
Eric Wieschaus,"nussleinvolhard, c",1
Eric Wieschaus,"wieschaus, e",1
Erica Alejos,"beutler, b",1
Ernest F. Fullam,"claude, a",1
Ernst A. Hauser,"staudinger, h",1
Erwin Neher,"neher, e",1
Erwin Neher,"sakmann, b",1
Evald Rosengren,"carlsson, a",1
Eve E. Slater,"kobilka, b",1
Eve E. Slater,"lefkowitz, r",1
F. A. Lindemann,"nernst, w",1
F. B. Heile,"perl, ml",1
F. Bloch,"bloch, f",1
F. D. M. Haldane,"haldane, fdm",1
F. Danusso,"natta, g",1
F. Englert,"englert, f",1
F. Franceschi,"yonath, a",1
F. G. Brickwedde,"urey, h",1
F. Haber,"haber, f",1
F. Henin,"prigogine, i",1
F. J. M. Stratton,"zernike, f",1
F. Joliot,"curie, i",1
F. Joliot,"joliot, f",1
F. M. B¨¹rnet,"burnet, fm",1
F. M. Newcomer,"koshiba, m",1
F. Muller,"rubbia, c",1
F. Muller,"vandermeer, s",1
F. Müller,"rubbia, c",1
F. Müller,"vandermeer, s",1
F. Nguyen Van Dau,"fert, a",1
F. Pauß,"rubbia, c",1
F. Pauß,"vandermeer, s",1
F. Pétroff,"fert, a",1
F. R. Paolini,"giacconi, r",1
F. Reines,"kajita, t",1
F. Reines,"koshiba, m",1
F. Reines,"reines, f",1
F. S. Rowland,"molina, m",1
F. S. Rowland,"rowland, f",1
F. Schmidt‐Kaler,"haroche, serge",1
F. V¨¦zinet-Brun,"barresinoussi, f",1
F. V¨¦zinet-Brun,"montagnier, l",1
F. Zernike,"zernike, f",1
F.C. Winkelmann,"perl, ml",1
FA Rey,"barresinoussi, f",1
FA Rey,"montagnier, l",1
Fathy Ahmed Abd Elhafez,"cram, d",1
Feodor Lynen,"lynen, f",1
Ferid Murad,"murad, f",1
Fran?ois Jacob,"monod, j",1
Fran?oise Barr¨¦©\Sinoussi,"barresinoussi, f",1
Fran?oise Barr¨¦©\Sinoussi,"montagnier, l",1
Francesco Parlati,"rothman, je",1
Frank H. Johnson,shimomur.o,1
Frank S. Crawford,"alvarez, lw",1
Frank Schluenzen,"yonath, a",1
Frank T. Solmitz,"alvarez, lw",1
Frank Wilczek,"gross, dj",1
Frank Wilczek,"wilczek, f",1
Franklin White,"anfinsen, c",1
Franz Sondheimer,"woodward, r",1
Fred Faloona,"mullis, k",1
Fred J. Sigworth,"neher, e",1
Fred J. Sigworth,"sakmann, b",1
Frederick C. Robbins,"enders, jf",1
Frederick C. Robbins,"robbins, fc",1
Frederick C. Robbins,"weller, th",1
Frederick Gowland Hopkins,"hopkins, fg",1
Frederick Soddy,"rutherford, e",1
Frederick V. Brutcher,"woodward, r",1
Fredrick Banting,"banting, fg",1
Fredrick Banting,"macleod, jjr",1
Fritz Stra?mann,"hahn, o",1
G. Aldering,"perlmutter, s",1
G. Binning,"binnig, g",1
G. Binning,"rohrer, h",1
G. Bodo,"kendrew, j",1
G. C. Hartmann,"friedman, ji",1
G. C. Hartmann,"taylor, re",1
G. Charpak,"charpak, g",1
G. Creuzet,"fert, a",1
G. Danby,"lederman, lm",1
G. Danby,"schwartz, m",1
G. Danby,"steinberger, j",1
G. Dorda,"vonklitzing, k",1
G. Everhart,"ting, scc",1
G. F. Smoot,"mather, jc",1
G. F. Smoot,"smoot, gf",1
G. Goldhaber,"perlmutter, s",1
G. H. Whipple,"whipple, gh",1
G. HEVESY,"hevesy, g",1
G. Hinshaw,"smoot, gf",1
G. J. Olson,"omura, s",1
G. Jona‐Lasinio,"nambu, yoichiro",1
G. MAZZANTI,"natta, g",1
G. Moraglio,"natta, g",1
G. Natta,"natta, g",1
G. Occhialini,"blackett, pms",1
G. Occhialini,"powell, cf",1
G. P. S. OCCHIALINIDR.,"powell, cf",1
G. Petrucci,"rubbia, c",1
G. Petrucci,"vandermeer, s",1
G. Schwarte,"windaus, a",1
G. Steg,"granit, r",1
G. W. Beadle,"beadle, gw",1
G. W. Beadle,"tatum, el",1
G. W. Sullivan,"kajita, t",1
G. W. Sullivan,"koshiba, m",1
G. Weimann,"khorana, hg",1
G.A. Hockham,"kao, kc",1
Gautam Chaudhuri,"ignarro, lj",1
Geoffrey Wilkinson,wilkinso.g,1
Georg Geissler,"wittig, g",1
Georg Will,"perutz, m",1
George A. Everett,"holley, rw",1
George A. Olah,"olah, g",1
George H. Hitchings,"elion, gb",1
George H. Hitchings,"hitchings, gh",1
George M. Murphy,"urey, h",1
George Paget Thomson,"thomson, gp",1
George Porter,"norrish, r",1
George Porter,"porter, g",1
George Smith,"boyle, ws",1
George Smith,"smith, ge",1
Georges K?hler,"kohler, g",1
Georges K?hler,"milstein, c",1
Gerald A. Miller,"friedman, ji",1
Gerald A. Miller,"kendall, hw",1
Gerald A. Miller,"taylor, re",1
Gerald M. Edelman,"edelman, gm",1
Gerard ’t Hooft,"thooft, g",1
Gerard ’t Hooft,"veltman, m",1
Gero Miesenb?ck,"rothman, je",1
Gertrude B. Elion,"elion, gb",1
Gertrude B. Elion,"hitchings, gh",1
Ghia Euskirchen,"chalfie, m",1
Giovanni De Amici,"smoot, gf",1
Glenn T. Seaborg,"seaborg, g",1
Godfrey N. Hounsfield,"hounsfield, gn",1
Gregory A. Mignery,"sudhof, tc",1
Gui C. Bazan,"schrock, r",1
G¨¹nter Blobel,"blobel, g",1
G¨¹nter Hanisch,"butenandt, a",1
H Heller,"rose, i",1
H J Ellis,"horvitz, hr",1
H. -D. Henatsch,"granit, r",1
H. B. Woodruff,"waksman, sa",1
H. Bradner,"alvarez, lw",1
H. Breil,"ziegler, k",1
H. C. Torrey,"purcell, em",1
H. DTJNGR,"bergstrom, s",1
H. David Politzer,"politzer, hd",1
H. G. Wagner,"hartline, hk",1
H. Geiger,"bothe, w",1
H. Gursky,"giacconi, r",1
H. Hauptman,"hauptman, h",1
H. Hauptman,"karle, j",1
H. Ishino,"kajita, t",1
H. Ishino,"koshiba, m",1
H. K. Hartline,"hartline, hk",1
H. K. Ticho,"alvarez, lw",1
H. Kowalski,"rubbia, c",1
H. Kowalski,"vandermeer, s",1
H. Kroemer,kroemer herbert,1
H. L. Lochte,thomas ed,1
H. L. Störmer,"stormer, hl",1
H. L. Störmer,"tsui, dc",1
H. Lehmann,"rubbia, c",1
H. Lehmann,"vandermeer, s",1
H. M. Foley,"kusch, p",1
H. Martin,"ziegler, k",1
H. Muirhead,"powell, cf",1
H. NOZAKI,"noyori, r",1
H. Okazawa,"kajita, t",1
H. Okazawa,"koshiba, m",1
H. R. Branson,"pauling, l",1
H. R. Wilson,"wilkins, mhf",1
H. Robert Horvitz,"sulston, je",1
H. Rohrer,"binnig, g",1
H. Rohrer,"rohrer, h",1
H. Siedentopf,"zsigmondy, r",1
H. Sowers,"grunberg, p",1
H. W. Florey,"florey, hw",1
H. W. Kendall,"kendall, hw",1
H. W. Sobel,"kajita, t",1
H. W. Sobel,"koshiba, m",1
H. Wallick,"omura, s",1
Hans A. Bethe,"bethe, ha",1
Hans Dannenbaum,"butenandt, a",1
Hans E. Sueß,"jensen, jhd",1
Hans Spemann,"spemann, h",1
Hans v. Euler,"von euler, h",1
Harold C. Urey,"urey, h",1
Harold M. Pinsker,"kandel, er",1
Harold Metcalf,"phillips, wd",1
Harold Varmus,"bishop, jm",1
Harold Varmus,"varmus, he",1
Harold W. Wyckoff,"kendrew, j",1
Harry Lehmann,"rubbia, c",1
Harry Lehmann,"vandermeer, s",1
Haruo Shingu,"fukui, k",1
Hediye Erdjument©\Bromage,"rothman, je",1
Heike Bartels,"yonath, a",1
Heiner Niemann,"sudhof, tc",1
Heinrich Wieland,"wieland, h",1
Heinz Schaller,"khorana, hg",1
Helen Evans,"whipple, gh",1
Helmut Kudszus,"ruzicka, l",1
Helmut Steinwedel,"paul, w",1
Henrik Dohlman,"kobilka, b",1
Henrik Dohlman,"lefkowitz, r",1
Henry Danielsson,"bergstrom, s",1
Henry Hyman,"soddy, f",1
Henry Taube,"taube, h",1
Herman Rinde,"svedberg, t",1
Hermann J. M¨¹ller,"muller, hj",1
Hidemasa Takaya,"noyori, r",1
Hilary Muirhead,"perutz, m",1
Hilde Mangold,"spemann, h",1
Hiroaki Waki,"tanaka, k",1
Hiroshi Amano,"akasaki, isamu",1
Hiroshi Amano,"amano, hiroshi",1
Howard F. Polley,"hench, ps",1
Howard L. Kramer,herschba.dr,1
Howard M. Dintzis,"kendrew, j",1
Howard M. Temin,"temin, hm",1
Hubert Roth,"kuhn, r",1
Hurley L. Motley,"cournand, a",1
Hurley L. Motley,"richards, dw",1
I A Rose,"ciechanover, a",1
I A Rose,"hershko, a",1
I A Rose,"rose, i",1
I. A. Blech,"shechtman, d",1
I. Curie,"joliot, f",1
I. Goldberg,"khorana, hg",1
I. Hook,"perlmutter, s",1
I. I. Rabi,"rabi, ii",1
I. Levine,"mcdonald, ab",1
I. Prigogine,"prigogine, i",1
I. V. Grigorieva,"geim, andre k.",1
I. V. Grigorieva,"novoselov, kostya s.",1
I.M. Frank,"frank, i",1
Ig. Tamm,"frank, i",1
Ilana Agmon,"yonath, a",1
Irina Smirnova,"beutler, b",1
Irving Kupfermann,"kandel, er",1
Irving Putter,"omura, s",1
Irving S. Sigal,"kobilka, b",1
Irving S. Sigal,"lefkowitz, r",1
Ir¨¨ne Curie,"curie, i",1
Isamu Akasaki,"akasaki, isamu",1
Isamu Akasaki,"amano, hiroshi",1
J Gruest,"barresinoussi, f",1
J Gruest,"montagnier, l",1
J-M. Gaillard,"lederman, lm",1
J-M. Gaillard,"schwartz, m",1
J-M. Gaillard,"steinberger, j",1
J. A. Crawford,"alvarez, lw",1
J. A. Formaggio,"mcdonald, ab",1
J. A. Goodman,"kajita, t",1
J. A. Goodman,"koshiba, m",1
J. Aymon,"smoot, gf",1
J. B. Gurdon,"gurdon, jb",1
J. B. Nichols,"svedberg, t",1
J. Bardeen,"bardeen, j",1
J. Bardeen,"brattain, wh",1
J. Bardeen,"cooper, ln",1
J. Bardeen,"schrieffer, jr",1
J. Bardeen,"shockley, w",1
J. Böhrer,"alferov, zi",1
J. C. WARD,"salam, a",1
J. Chazelas,"fert, a",1
J. Christen,"alferov, zi",1
J. Colas,"rubbia, c",1
J. Colas,"vandermeer, s",1
J. Colás,"rubbia, c",1
J. Colás,"vandermeer, s",1
J. D. McDonald,herschba.dr,1
J. D. McDonald,"lee, y",1
J. Ducuing,"bloember, n",1
J. E. Bjorkholm,"chu, s",1
J. E. Elias,"kendall, hw",1
J. Flanagan,"kajita, t",1
J. Flanagan,"koshiba, m",1
J. Fraser Stoddart,"stoddart, j",1
J. G. Bednorz,"bednorz, jg",1
J. G. Bednorz,"muller, ka",1
J. G. Learned,"kajita, t",1
J. G. Learned,"koshiba, m",1
J. H. Christenson,"cronin, jw",1
J. H. Christenson,"fitch, v",1
J. H. M. Cowan,"mcdonald, ab",1
J. H. Taylor,"hulse, ra",1
J. H. Taylor,"taylor, jh",1
J. H. Van Vleck,"van vleck, jh",1
J. H. Van Vleck,"vanvleck, jh",1
J. Hans D. Jensen,"jensen, jhd",1
J. Hill,"kajita, t",1
J. Hill,"koshiba, m",1
J. J. Thomson,joseph john thomson,1
J. Jeener,"ernst, r",1
J. K. de Pagter,"kendall, hw",1
J. Kameda,"kajita, t",1
J. Kameda,"koshiba, m",1
J. Kanzaki,"kajita, t",1
J. Kanzaki,"koshiba, m",1
J. Karle,"hauptman, h",1
J. Karle,"karle, j",1
J. Karn,"mcdonald, ab",1
J. L. Hall,"hansch, tw",1
J. L. Stone,"kajita, t",1
J. L. Stone,"koshiba, m",1
J. Leong,"ting, scc",1
J. Lindhard,"krogh, a",1
J. Litt,"friedman, ji",1
J. Litt,"kendall, hw",1
J. Litt,"taylor, re",1
J. M. Dziedzic,"chu, s",1
J. M. Kosterlitz,"kosterlitz, jm",1
J. M. Kosterlitz,"thouless, dj",1
J. Michael Bishop,"bishop, jm",1
J. Michael Bishop,"varmus, he",1
J. Michael McCaffery,"tsien, r",1
J. Orr-Ewing,"chain, e",1
J. Orr-Ewing,"florey, hw",1
J. P. Nolley,"heck, r",1
J. Pine,"friedman, ji",1
J. Pine,"kendall, hw",1
J. Pine,"taylor, re",1
J. R. Arnold,"libby, w",1
J. R. Egerton,"campbell, wc",1
J. R. Ensher,"cornell, ea",1
J. R. Ensher,"wiemann, ce",1
J. R. Schrieffer,"bardeen, j",1
J. R. Schrieffer,"cooper, ln",1
J. R. Schrieffer,"schrieffer, jr",1
J. Rich,"rubbia, c",1
J. Rich,"vandermeer, s",1
J. Robert Oppenheimer,"tomonaga, si",1
J. S. Coombs,"eccles, jc",1
J. S. Kilby,"kilby, js",1
J. S. Stephenson,"black, jw",1
J. Shoosmith,"herzberg, g.",1
J. Spyromilio,"riess, adam g.",1
J. Spyromilio,"schmidt, bp",1
J. Stark,"stark, j",1
J. Steinberger,"lederman, lm",1
J. Steinberger,"schwartz, m",1
J. Steinberger,"steinberger, j",1
J. Tonry,"riess, adam g.",1
J. Tonry,"schmidt, bp",1
J. W. Black,"black, jw",1
J. W. C. Johns,"herzberg, g.",1
J. W. Cronin,"cronin, jw",1
J. W. Cronin,"fitch, v",1
J. W. Kennedy,"seaborg, g",1
J. W. Remington,"cournand, a",1
J. W. Remington,"richards, dw",1
J. Weiner,"betzig, e",1
J. del Castillo,"katz, b",1
J.-P. Porte,"rubbia, c",1
J.-P. Porte,"vandermeer, s",1
J.C. Skou,"skou, j",1
J.D. Burger,"ting, scc",1
J.D. Gow,"alvarez, lw",1
J.E. Sulston,"sulston, je",1
J.F. Kuo,greengar.p,1
J.H.M. Cowan,"mcdonald, ab",1
J.J. Aubert,"ting, scc",1
J.M. Broto,"fert, a",1
J.Robin Warren,"marshall, bj",1
J.Robin Warren,"warren, jr",1
J.W. Black,"black, jw",1
JOHN M. SWAN,"duvigneaud, v",1
Jack W. Szostak,"blackburn, eh",1
Jack W. Szostak,"szostak, jw",1
Jacqueline M. Gulbis,"mackinnon, r",1
Jacques Monod,"monod, j",1
James A. Bassham,"calvin, m",1
James A. McNew,"rothman, je",1
James C. Rainwater,"rainwater, j",1
James Chadwick,"chadwick, j",1
James D. Watson,"crick, fhc",1
James D. Watson,"watson, jd",1
James Dewey Watson,"crick, fhc",1
James Dewey Watson,"watson, jd",1
James T. Dakin,"richter, b",1
James T. Madison,"holley, rw",1
Jan Olof Svensson,samuelss.b,1
Jan Pieter Abrahams,"walker, j",1
Jan Sj?vall,"bergstrom, s",1
Jan Svensson,samuelss.b,1
Jan Wichmann,"hell, s",1
Jean Apgar,"holley, rw",1
Jean-Marc Reichhart,"hoffmann, ja",1
Jean©\Claude Chermann,"barresinoussi, f",1
Jean©\Claude Chermann,"montagnier, l",1
Jean©\Mar¨ªe Lehn,"lehn, j",1
Jean©\Pierre Changeux,"jacob, f",1
Jean©\Pierre Kintzinger,"sauvage, j",1
Jean©\Pierre Sauvage,"lehn, j",1
Jean©\Pierre Sauvage,"sauvage, j",1
Jeffrey Benovic,"kobilka, b",1
Jeffrey Benovic,"lefkowitz, r",1
Jennifer Kamper,"hodgkin, d",1
Jennifer Robbins,"schrock, r",1
Jenny Pickworth,"hodgkin, d",1
Jerome Birnbaum,"omura, s",1
Jerrold R. Zacharias,"rabi, ii",1
Jerry Mar,"friedman, ji",1
Jerry Mar,"kendall, hw",1
Jerry Mar,"taylor, re",1
Jim Youngblom,"hunt, t",1
Jinendra K. Ranka,"hansch, tw",1
Jo?o H. Morais©\Cabral,"mackinnon, r",1
Joe H. Cannon,thomas ed,1
Joerg Harms,"yonath, a",1
Johannes Matthaei,"nirenberg, m",1
John A. Armstrong,"bloember, n",1
John A. Pople,"pople, j",1
John B. Fenn,"fenn, j",1
John Bardeen,"bardeen, j",1
John C. Bailar,"corey, e",1
John C. Fisher,"giaever, i",1
John C. Mather,"mather, jc",1
John C. Mather,"smoot, gf",1
John Cockcroft,"cockcroft, jd",1
John Cockcroft,"walton, ets",1
John D. Watson,"watson, jd",1
John Devereux,"smithies, o",1
John E. Walker,"walker, j",1
John F. Enders,"enders, jf",1
John F. Enders,"robbins, fc",1
John F. Enders,"weller, th",1
John G. White,"hodgkin, d",1
John H. Northrop,"northrop, j",1
John K. Northup,"gilman, ag",1
John O¡¯Keefe,"okeefe, j",1
John Pilkington,"hewish, a",1
John Robert Penswick,"holley, rw",1
John S. Murdzek,"schrock, r",1
John V. Zawadzki,"furchgott, rf",1
John W. Cahn,"shechtman, d",1
Jonathan O. Dostrovsky,"okeefe, j",1
Jonathan Y. Hsu,"kajita, t",1
Jonathan Y. Hsu,"koshiba, m",1
Josef Schmidt,"butenandt, a",1
Josefino B. Tunac,"omura, s",1
Joseph A. Adams,"tsien, r",1
Joseph L. Goldstein,"brown, ms",1
Joseph Siegwart,"staudinger, h",1
Joseph W. Ferrebee,thomas ed,1
Joshua Lederberg,"lederberg, j",1
Joyce D Stone,"burnet, fm",1
Jr. Eplee R. E.,"mather, jc",1
Jr. Moseley S. H.,"mather, jc",1
Juan Blasi,"sudhof, tc",1
Juan Llopis,"tsien, r",1
Jules A. Hoffmann,"hoffmann, ja",1
Jules Meyer,"staudinger, h",1
Julian Koch,"ertl, g",1
Julie Sands,"cech, t",1
Julien Favier,"charpak, g",1
Julius Axelrod,"axelrod, j",1
Jun Ye,"hall, jl",1
Jun Ye,"hansch, tw",1
Jung-Hyun Kim,"krebs, ha",1
K Streit,"ertl, g",1
K. A. M�ller,"bednorz, jg",1
K. A. M�ller,"muller, ka",1
K. Barry Sharpless,"sharpless, k",1
K. C. Kao,"kao, kc",1
K. Cameron,"mcdonald, ab",1
K. Edvarson,"siegbahn, k",1
K. Fujita,"kajita, t",1
K. Fujita,"koshiba, m",1
K. Goulianos,"lederman, lm",1
K. Goulianos,"schwartz, m",1
K. Goulianos,"steinberger, j",1
K. Graham,"mcdonald, ab",1
K. Heusler,"woodward, r",1
K. Inoue,"kajita, t",1
K. Inoue,"koshiba, m",1
K. Ishihara,"kajita, t",1
K. Ishihara,"koshiba, m",1
K. Kazkaz,"mcdonald, ab",1
K. Kirch,"mcdonald, ab",1
K. Koketsu,"eccles, jc",1
K. Leuchs,"rubbia, c",1
K. Leuchs,"vandermeer, s",1
K. Loewenstein,"smoot, gf",1
K. Martens,"kajita, t",1
K. Martens,"koshiba, m",1
K. Megerle,"giaever, i",1
K. Miyano,"kajita, t",1
K. Morgan,"rubbia, c",1
K. Morgan,"vandermeer, s",1
K. N. Trueblood,"hodgkin, d",1
K. Nakamura,"kajita, t",1
K. Nakamura,"koshiba, m",1
K. Nishikawa,"kajita, t",1
K. Nishikawa,"koshiba, m",1
K. Okumura,"kajita, t",1
K. Okumura,"koshiba, m",1
K. S. Ganezer,"kajita, t",1
K. S. Ganezer,"koshiba, m",1
K. S. KRISHNAN,"raman, cv",1
K. Sch?pp,"karrer, p",1
K. Scholberg,"kajita, t",1
K. Scholberg,"koshiba, m",1
K. Ziegler,"ziegler, k",1
K. v. Frisch,karl von frisch,1
K. von Klitzing,"vonklitzing, k",1
K.W. Welcox,"smith, ho",1
Kai Siegbahn,"siegbahn, k",1
Karen Kallio,"tsien, r",1
Karin G. Au,"modrich, p",1
Karl Josephson,"von euler, h",1
Katharina Newerly,"yalow, rs",1
Katheleen Gardiner,"altman, s",1
Kathleen J. Danna,"nathans, d",1
Kazumasa Hiramatsu,"akasaki, isamu",1
Kazumasa Hiramatsu,"amano, hiroshi",1
Kazuyoshi Kobayashi,"kajita, t",1
Kazuyoshi Kobayashi,"koshiba, m",1
Keiko Hirata,"koshiba, m",1
Keitaro Takahashi,"koshiba, m",1
Keith R. Porter,"claude, a",1
Kelly Kruger,"cech, t",1
Kendall B. Davis,"ketterle, w",1
Kenichi Fukui,"fukui, k",1
Kenneth C. Hoffman,raymond davis jr.,1
Kiichiro Tomoda,"yamanaka, s",1
Kinji Yamada,"suzuki, a",1
Kirk R. Thomas,"capecchi, mr",1
Koichi Tanaka,"tanaka, k",1
Koichiro Takeshige,"ohsumi, y",1
Koji Tanabe,"yamanaka, s",1
Kostya S. Novoselov,"geim, andre k.",1
Kostya S. Novoselov,"novoselov, kostya s.",1
Kurt Alder,"alder, k",1
Kurt Alder,"diels, o",1
Kurt W¨¹thrich,"wuthrich, k",1
Kyung-Jin Kang,"krebs, ha",1
L Dexter,"houssay, ba",1
L HARTWELL,"hartwell, lh",1
L J Ignarro,"ignarro, lj",1
L. ?echmeister,"willstatter, r",1
L. Esaki,"esaki, l",1
L. G. Leksell,"granit, r",1
L. Gausset,"herzberg, g.",1
L. H. Germer,"davisson, cj",1
L. J. Sham,"kohn, w",1
L. R. Feldscher,"koshiba, m",1
L. R. Price,"kajita, t",1
L. R. Price,"koshiba, m",1
L. Rokke,"smoot, gf",1
L. S. Blair,"campbell, wc",1
L. S. Schleifer,"gilman, ag",1
L. Smith,"sanger, f",1
L. Sulak,"kajita, t",1
L. Sulak,"koshiba, m",1
L.D. LANDAU,"landau, l",1
Lars Onsager,"onsager, l",1
Lars Werk?,"cournand, a",1
Lars Werk?,"richards, dw",1
Leon M. Lederman,"lederman, lm",1
Leon M. Lederman,"schwartz, m",1
Leon M. Lederman,"steinberger, j",1
Leon N. Cooper,"bardeen, j",1
Leon N. Cooper,"cooper, ln",1
Leon N. Cooper,"schrieffer, jr",1
Leon P. Van Speybroeck,"kendall, hw",1
Linda B. Buck,"axel, r",1
Linda B. Buck,"buck, l",1
Linda G. Brock,"eccles, jc",1
Linus Pauling,"pauling, l",1
Lori Howe,"herzberg, g.",1
Louis J. Ignarro,"ignarro, lj",1
Louis de Broglie,"broglie, ld",1
Louise T. Chow,"roberts, rj",1
Luc Montagnier,"barresinoussi, f",1
Luc Montagnier,"montagnier, l",1
Luigi Mamoli,"butenandt, a",1
Luis Tenorio,"smoot, gf",1
Lydia Michaut,"hoffmann, ja",1
Lynda K. Johnson,"grubbs, r",1
M A Bolanowski,"kobilka, b",1
M A Bolanowski,"lefkowitz, r",1
M Baba,"ohsumi, y",1
M D Smigel,"gilman, ag",1
M. A. Janssen,"smoot, gf",1
M. B. Brodsky,"grunberg, p",1
M. C. Chon,"mcdonald, ab",1
M. C. Whiting,wilkinso.g,1
M. Chen,"ting, scc",1
M. D. Messier,"kajita, t",1
M. D. Messier,"koshiba, m",1
M. Della Negra,"rubbia, c",1
M. Della Negra,"vandermeer, s",1
M. Della Valle,"perlmutter, s",1
M. Dunford,"mcdonald, ab",1
M. E. Packard,"bloch, f",1
M. Earl,"kajita, t",1
M. Earl,"koshiba, m",1
M. Edwards,"rubbia, c",1
M. Edwards,"vandermeer, s",1
M. F. Perutz,"perutz, m",1
M. Fincke,"rubbia, c",1
M. Fincke,"vandermeer, s",1
M. G. Hauser,"smoot, gf",1
M. Goldhaber,"kajita, t",1
M. Goldhaber,"koshiba, m",1
M. H. F. Wilkins,"wilkins, mhf",1
M. H. Kaufman,"evans, mj",1
M. J. Sabacky,"knowles, w",1
M. Janssen,"mather, jc",1
M. Jennings,"florey, hw",1
M. Kito,"akasaki, isamu",1
M. Kito,"amano, hiroshi",1
M. Knoll,"ruska, e",1
M. Kobayashi,"kobayash, m",1
M. Kobayashi,"maskawa, t",1
M. Kohama,"kajita, t",1
M. Kohama,"koshiba, m",1
M. Koshiba,"koshiba, m",1
M. L. Anson,"northrop, j",1
M. L. Chen,"kajita, t",1
M. L. Chen,"koshiba, m",1
M. Loret,"rubbia, c",1
M. Loret,"vandermeer, s",1
M. Louis Néel,"neel, l",1
M. M. Phillips,"riess, adam g.",1
M. M. Phillips,"schmidt, bp",1
M. Miura,"kajita, t",1
M. Miura,"koshiba, m",1
M. Mohammadi,"rubbia, c",1
M. Mohammadi,"vandermeer, s",1
M. N. Baibich,"fert, a",1
M. Nakahata,"kajita, t",1
M. Pepper,"vonklitzing, k",1
M. R. Andrews,"ketterle, w",1
M. R. Matthews,"cornell, ea",1
M. R. Matthews,"wiemann, ce",1
M. R. Sogard,"kendall, hw",1
M. R. Vagins,"kajita, t",1
M. R. Vagins,"koshiba, m",1
M. Rohde,"ting, scc",1
M. Ryle,"ryle, m",1
M. Sakuda,"kajita, t",1
M. Sakuda,"koshiba, m",1
M. Schwartz,"lederman, lm",1
M. Schwartz,"schwartz, m",1
M. Schwartz,"steinberger, j",1
M. Shiozawa,"kajita, t",1
M. Shiozawa,"koshiba, m",1
M. Smy,"kajita, t",1
M. Smy,"koshiba, m",1
M. Stanley Livingston,"lawrence, eo",1
M. Takahata,"kajita, t",1
M. Takahata,"koshiba, m",1
M. Takita,"kajita, t",1
M. V. Maximov,"alferov, zi",1
M. Veltman,"thooft, g",1
M. Veltman,"veltman, m",1
M. Y. Kim,"perlmutter, s",1
M. Yamada,"koshiba, m",1
M. Yoshida,"kajita, t",1
M. Yoshida,"koshiba, m",1
M.T. Nugeyre,"barresinoussi, f",1
M.T. Nugeyre,"montagnier, l",1
M.‐O. Mewes,"ketterle, w",1
Marc G. Caron,"kobilka, b",1
Marc G. Caron,"lefkowitz, r",1
Marcello DiMare,"schrock, r",1
Marco Gluehmann,"yonath, a",1
Marcus A. Rothschild,"yalow, rs",1
Margaret Edney,"burnet, fm",1
Margit Lindqvist,"carlsson, a",1
Marguerite Steiger,"reichstein, t",1
Marguerite Vogt,"dulbecco, r",1
Mari Ohnuki,"yamanaka, s",1
Maria Goeppert Mayer,"mayer, mg",1
Maria Jo?o Silva,"beutler, b",1
Marianne Dieckmann,"berg, p",1
Marianne Fyhn,"moser, ei",1
Marianne Fyhn,"moser, mb",1
Marie B. O¡¯Regan,"schrock, r",1
Marina A. Freudenberg,"beutler, b",1
Mario J. Molina,"molina, m",1
Mario J. Molina,"rowland, f",1
Marjorie Smith,"khorana, hg",1
Mark J. Marquisee,"holley, rw",1
Mark J. Rosker,"zewail, a",1
Mark J. Zoller,"smith, m",1
Mark K. Bennett,"rothman, je",1
Mark S. Perin,"sudhof, tc",1
Marshall W. Nirenberg,"nirenberg, m",1
Martha Chase,"hershey, ad",1
Martin Chalfie,"chalfie, m",1
Martin Evans,"evans, mj",1
Martin Geppert,"sudhof, tc",1
Martin Hooper,"smithies, o",1
Martin Karplus,"karplus, m",1
Martin Karplus,"warshel, a",1
Mary K. Montgomery,"fire, a",1
Mary K. Montgomery,"mello, cc",1
Masato Eto,"kajita, t",1
Masato Eto,"koshiba, m",1
Masayoshi Shikata,"heyrovsky, j",1
Masayuki Senoh,"nakamura, shuji",1
Mathias Hauser,"mather, jc",1
Mats Orm?,"tsien, r",1
Matthias Mann,"fenn, j",1
Maureen F. Mackay,"hodgkin, d",1
Maurice Lévy,"gellmann, m",1
Max Planck,"planck, m",1
Max Theiler,"theiler, m",1
May©\Britt Moser,"moser, ei",1
May©\Britt Moser,"moser, mb",1
Megumi Narita,"yamanaka, s",1
Melanie G. Lee,"nurse, p",1
Michael Brunner,"rothman, je",1
Michael G. Rossmann,"perutz, m",1
Michael Gmachl,"rothman, je",1
Michael H. Anderson,"cornell, ea",1
Michael H. Anderson,"wiemann, ce",1
Michael J. Smith,"khorana, hg",1
Michael P. Alpers,"gajdusek, dc",1
Michael P. Williamson,"wuthrich, k",1
Michael S. Brown,"brown, ms",1
Michael Sela,"anfinsen, c",1
Michel Della Negra,"rubbia, c",1
Michel Della Negra,"vandermeer, s",1
Miki Tsukada,"ohsumi, y",1
Mitsuhiko Ikura,"tsien, r",1
Mu-Ya Liu,"beutler, b",1
Myron L. Good,"alvarez, lw",1
Myron Rosenblum,wilkinso.g,1
N. A. Walton,"perlmutter, s",1
N. B. Mistry,"lederman, lm",1
N. B. Mistry,"schwartz, m",1
N. B. Mistry,"steinberger, j",1
N. B. Suntzeff,"riess, adam g.",1
N. B. Suntzeff,"schmidt, bp",1
N. Bohr,"bohr, n",1
N. C. Wheeler,"cournand, a",1
N. C. Wheeler,"richards, dw",1
N. F. Mott,"mott, n",1
N. G. Heatley,"florey, hw",1
N. Gagnon,"mcdonald, ab",1
N. J. van Druten,"ketterle, w",1
N. K. Jerne,"jerne, nk",1
N. Kirstaedter,"alferov, zi",1
N. Panagia,"perlmutter, s",1
N. Sakurai,"kajita, t",1
N. Sakurai,"koshiba, m",1
N. Sato,"koshiba, m",1
N. Vansteenkiste,"cohentannoudji, c",1
N. W. Boggess,"mather, jc",1
N. W. Boggess,"smoot, gf",1
N.©\?. Hillarp,von euler us,1
Nagatoshi Koumura,"feringa, b",1
Neil Spencer,"stoddart, j",1
Nils Brose,"sudhof, tc",1
Nobumichi Hozumi,"tonegawa, s",1
Nobuyo Maeda,"smithies, o",1
Nobuyuki Harada,"feringa, b",1
Norio Miyaura,"suzuki, a",1
Norman Arnheim,"mullis, k",1
Norman F. Ramsey,"ramsey, nf",1
Norman R. Pace,"altman, s",1
O. Chamberlain,"chamberlain, o",1
O. Chamberlain,"segre, e",1
O. Hassel,"hassel, o",1
O. Haxel,"jensen, jhd",1
O. Loewi,"loewi, o",1
O. Sasaki,"kajita, t",1
O. Sasaki,"koshiba, m",1
Osamu Shimomura,shimomur.o,1
Otmar Schober,"ertl, g",1
Otto D. Sahler,thomas ed,1
Otto Diels,"alder, k",1
Otto Diels,"diels, o",1
Otto Hahn,"hahn, o",1
Otto Meyerhof,"meyerhof, o",1
Owen P. Hamill,"neher, e",1
Owen P. Hamill,"sakmann, b",1
P A Merton,"granit, r",1
P. A. M. Dirac,"dirac, pam",1
P. Bachmann,"ernst, r",1
P. C. Hariharan,"pople, j",1
P. C. Hohenberg,"kohn, w",1
P. C. Steptoe,"edwards, rg",1
P. Challis,"riess, adam g.",1
P. Challis,"schmidt, bp",1
P. Debye,"debye, p",1
P. E. Siska,"lee, y",1
P. F. Scott,"hewish, a",1
P. Falk-Vairant,"alvarez, lw",1
P. Fatt,"eccles, jc",1
P. G. Halverson,"kajita, t",1
P. G. Halverson,"koshiba, m",1
P. G. de Gennes,"degennes, pg",1
P. Garnavich,"riess, adam g.",1
P. Garnavich,"schmidt, bp",1
P. Ghez,"rubbia, c",1
P. Ghez,"vandermeer, s",1
P. Goldhagen,"ting, scc",1
P. Grünberg,"grunberg, p",1
P. Gutierrez,"rubbia, c",1
P. Gutierrez,"vandermeer, s",1
P. Jackson,"smoot, gf",1
P. Jordan,"born, m",1
P. Karrer,"karrer, p",1
P. Keegstra,"smoot, gf",1
P. Kirk,"friedman, ji",1
P. Kirk,"taylor, re",1
P. Knipping,"laue, m",1
P. Kusch,"kusch, p",1
P. Kusch,"rabi, ii",1
P. L. Kapitza,"kapitza, pl",1
P. M. Lubin,"mather, jc",1
P. Mansfield,"mansfield, p",1
P. Nugent,"perlmutter, s",1
P. Ruiz‐Lapuente,"perlmutter, s",1
P. S. Hench,"hench, ps",1
P. W. Anderson,"anderson, pw",1
P. Étienne,"fert, a",1
P.F. Massini,"calvin, m",1
P.K. Iyengar,"brockhouse, bn",1
Paola Ricciardi©\Castagnoli,"beutler, b",1
Paolo Corradini,"natta, g",1
Par Jean©\Louis H¨¦risson,"chauvin, y",1
Paul Berg,"berg, p",1
Paul C. Lauterbur,"lauterbur, pc",1
Paul C. Sternweis,"gilman, ag",1
Paul D. Boyer,"boyer, p",1
Paul D. Lett,"phillips, wd",1
Paul Greengard,greengar.p,1
Paul Haeberli,"smithies, o",1
Paul J. Crutzen,"crutzen, p",1
Paul K. Brown,"wald, g",1
Paul Modrich,"modrich, p",1
Paul Russell,"nurse, p",1
Paul Tempst,"rothman, je",1
Paula J. Grabowski,"cech, t",1
Pentti Laukkanen,"hassel, o",1
Peter J. Biggs,"ting, scc",1
Peter K. Vogt,"bishop, jm",1
Peter K. Vogt,"varmus, he",1
Peter Mitchell,"lipscomb, w",1
Peter Mitchell,"mitchell, p",1
Peter Rigby,"berg, p",1
Ph. Ghez,"rubbia, c",1
Ph. Ghez,"vandermeer, s",1
Philip H. Abelson,"mcmillan, e",1
Philipp Lenard,"lenard, p",1
Phillip A. Sharp,"sharp, pa",1
Phillip L. Gould,"phillips, wd",1
Pier Lucio Anelli,"stoddart, j",1
Piero Pino,"natta, g",1
Pierre Borgeat,samuelss.b,1
Pierre Lebreton,herschba.dr,1
Pierre Lebreton,"lee, y",1
Pietro De Camilli,"sudhof, tc",1
R Y Tsien,"tsien, r",1
R. A. Collins,"hewish, a",1
R. A. Knop,"perlmutter, s",1
R. A. Marcus,"marcus, r",1
R. A. Schommer,"riess, adam g.",1
R. A. Schommer,"schmidt, bp",1
R. A. Shafer,"mather, jc",1
R. A. Shafer,"smoot, gf",1
R. B. Laughlin,"laughlin, rb",1
R. B. Merrifield,merrifie.rb,1
R. B. Woodward,wilkinso.g,1
R. Bouclier,"charpak, g",1
R. Brout,"englert, f",1
R. C. Cookson,"barton, d",1
R. Chris Smith,"riess, adam g.",1
R. Chris Smith,"schmidt, bp",1
R. Davis,raymond davis jr.,1
R. E. Taylor,"friedman, ji",1
R. E. Taylor,"kendall, hw",1
R. E. Taylor,"taylor, re",1
R. F. Silverberg,"mather, jc",1
R. F. Silverberg,"smoot, gf",1
R. Fort,"hinshelwood, c",1
R. G. McMahon,"perlmutter, s",1
R. Giacconi,"giacconi, r",1
R. Heaton,"mcdonald, ab",1
R. Hofstadter,"hofstadter, r",1
R. Hülse,"hulse, ra",1
R. Hülse,"taylor, jh",1
R. Isaacman,"mather, jc",1
R. Kirshner,"riess, adam g.",1
R. Kirshner,"schmidt, bp",1
R. L. Kostelak,"betzig, e",1
R. L. M. Synge,"martin, a",1
R. L. M. Synge,"synge, r",1
R. L. Riley,"cournand, a",1
R. L. Riley,"richards, dw",1
R. Le Rossignol,"haber, f",1
R. Leuchs,"rubbia, c",1
R. Leuchs,"vandermeer, s",1
R. Morf,"karrer, p",1
R. N. Watts,"phillips, wd",1
R. Pain,"perlmutter, s",1
R. Sanford,"kajita, t",1
R. Sanford,"koshiba, m",1
R. Schreiber,"grunberg, p",1
R. Svoboda,"kajita, t",1
R. Svoboda,"koshiba, m",1
R. Turlay,"cronin, jw",1
R. Turlay,"fitch, v",1
R. V. Pound,"purcell, em",1
R. Van,"koshiba, m",1
R. W. Ellsworth,"kajita, t",1
R. W. Ellsworth,"koshiba, m",1
R. W. Sperry,"sperry, rw",1
R. W. Wilson,"penzias, aa",1
R. W. Wilson,"wilson, rw",1
R. Weiss,"smoot, gf",1
R. Weiß,"mather, jc",1
R.A. Early,"friedman, ji",1
R.A. Early,"kendall, hw",1
R.A. Early,"taylor, re",1
RAGNAR GRANT,"granit, r",1
RUIKO OIWA,"omura, s",1
Ralph M. Steinman,"steinman, rm",1
Ralph W. McKee,"doisy, ea",1
Raz Zarivach,"yonath, a",1
Renato Dulbecco,"dulbecco, r",1
Ren¨¦ Lutter,"walker, j",1
Richard A. F. Dixon,"kobilka, b",1
Richard A. F. Dixon,"lefkowitz, r",1
Richard A. Mumford,"kobilka, b",1
Richard A. Mumford,"lefkowitz, r",1
Richard A. Pfuetzner,"mackinnon, r",1
Richard A. van Delden,"feringa, b",1
Richard Axel,"axel, r",1
Richard Axel,"buck, l",1
Richard E. Dickerson,"kendrew, j",1
Richard Gelinas,"roberts, rj",1
Richard H. Scheller,"rothman, je",1
Richard J. Roberts,"roberts, rj",1
Richard K¨¹hn,"kuhn, r",1
Richard L. Monaghan,"omura, s",1
Richard P. Feynman,"gellmann, m",1
Richard S. Ellis,"perlmutter, s",1
Richard W. Burg,"omura, s",1
Rita Levi©\Montalcini,"levimontalcini, r",1
Robert B. Corey,"pauling, l",1
Robert C. Murphy,samuelss.b,1
Robert C. Retherford,"lamb, we",1
Robert C. Richardson,"osheroff, dd",1
Robert D. Tripp,"alvarez, lw",1
Robert E. Hammer,"sudhof, tc",1
Robert Edwards,"edwards, rg",1
Robert F. Furchgott,"furchgott, rf",1
Robert G. Parrish,"kendrew, j",1
Robert Hartman,"omura, s",1
Robert J. Chichester,"betzig, e",1
Robert J. Lefkowitz,"kobilka, b",1
Robert J. Lefkowitz,"lefkowitz, r",1
Robert P. Noble,"cournand, a",1
Robert P. Noble,"richards, dw",1
Robert Robinson,"robinson, r",1
Robert S. Lahue,"modrich, p",1
Robert S. Mulliken,"mulliken, r",1
Robert S. Windeler,"hansch, tw",1
Robert W. Holley,"holley, rw",1
Robert W. J. Zijlstra,"feringa, b",1
Robin Kaiser,"cohentannoudji, c",1
Roderick MacKinnon,"mackinnon, r",1
Roger Burgus,guillemi.r,1
Roger D. Kornberg,"kornberg, r",1
Roger G. Hart,"kendrew, j",1
Roger Guillemin,guillemi.r,1
Roland Riek,"campbell, wc",1
Ron Gilliland,"riess, adam g.",1
Ron Gilliland,"schmidt, bp",1
Ronald E. Diehl,"kobilka, b",1
Ronald E. Diehl,"lefkowitz, r",1
Ronald G. Gregg,"smithies, o",1
Ronald George Wreyford Norrish,"norrish, r",1
Ronald George Wreyford Norrish,"porter, g",1
Ronald Holzwarth,"hall, jl",1
Ronald Holzwarth,"hansch, tw",1
Roy Porter,"porter, rr",1
Russell Higuchi,"mullis, k",1
Ruth Kitai,"sanger, f",1
Ryszard J. Gryglewski,"vane, jr",1
Ry¨­ji Noyori,"noyori, r",1
R¨ªchard Zsigmondy,"zsigmondy, r",1
S Bunting,"vane, jr",1
S. B. Binkley,"doisy, ea",1
S. B. Kim,"kajita, t",1
S. BERGBTR?M,"bergstrom, s",1
S. Bell,"hewish, a",1
S. Bergstr?m,"bergstrom, s",1
S. C. Gau,"heeger, a",1
S. C. Gau,"macdiarmid, a",1
S. C. Gau,shirakaw.h,1
S. Chamaret,"barresinoussi, f",1
S. Chamaret,"montagnier, l",1
S. Chandrasekhar,"chandrasekhar, s",1
S. Cifelli,"campbell, wc",1
S. Echigo,"kajita, t",1
S. Echigo,"koshiba, m",1
S. Fabbro,"perlmutter, s",1
S. Gulkis,"mather, jc",1
S. Gulkis,"smoot, gf",1
S. H. Autler,"townes, ch",1
S. H. Moseley,"smoot, gf",1
S. Hatakeyama,"kajita, t",1
S. Hatakeyama,"koshiba, m",1
S. James Remington,"tsien, r",1
S. Kasuga,"kajita, t",1
S. Kasuga,"koshiba, m",1
S. L. Wu,"ting, scc",1
S. Matsuno,"kajita, t",1
S. Matsuno,"koshiba, m",1
S. Millman,"rabi, ii",1
S. Mine,"kajita, t",1
S. Mine,"koshiba, m",1
S. Moriuti,"noyori, r",1
S. Nakayama,"kajita, t",1
S. Nakayama,"koshiba, m",1
S. Nicklen,"sanger, f",1
S. Perlmutter,"perlmutter, s",1
S. Ruvimov,"alferov, zi",1
S. S. Meyer,"mather, jc",1
S. S. Meyer,"smoot, gf",1
S. Tasaka,"kajita, t",1
S. Tasaka,"koshiba, m",1
S. Thesleff,"katz, b",1
S. V. Dubonos,"geim, andre k.",1
S. V. Dubonos,"novoselov, kostya s.",1
S. Yamada,"kajita, t",1
S. Yamada,"koshiba, m",1
S.-i. Tomonaga,"tomonaga, si",1
S.S. Ruvimov,"alferov, zi",1
Salvador Moncada,"vane, jr",1
Samuel C.C. Ting,"ting, scc",1
Samuel E. Driver,"fire, a",1
Samuel E. Driver,"mello, cc",1
Samuel Gordon,"duvigneaud, v",1
Sanford L. Palay,"palade, ge",1
Sara Currie,"omura, s",1
Sarah Elias,"ciechanover, a",1
Sarah Elias,"hershko, a",1
Satoshi Akita,"tanaka, k",1
Satoshi Mizutani,"temin, hm",1
Satoshi ¨­mura,"omura, s",1
Saurabh W. Jha,"riess, adam g.",1
Saurabh W. Jha,"schmidt, bp",1
Scott A. Diddams,"hansch, tw",1
Scott Geromanos,"rothman, je",1
Seikichi Tsuboi,"ohsumi, y",1
Severo Ochoa,"lynen, f",1
Shek Fu Wong,"fenn, j",1
Sheldon L. Glashow,"glashow, sl",1
Shinji Yamasaki,"sudhof, tc",1
Shoji Katsuki,"murad, f",1
Shuji Nakamura,"nakamura, shuji",1
Sidney A. Thayer,"doisy, ea",1
Sidney Altman,"altman, s",1
Simon Thompson,"smithies, o",1
Sin‐itiro Tomonaga,"tomonaga, si",1
Siqun Xu,"fire, a",1
Siqun Xu,"mello, cc",1
Stanford Moore,"moore, s",1
Stanley B. Prusiner,"prusiner, sb",1
Stefan W. Hell,"hell, s",1
Stephen Adams,"tsien, r",1
Stephen J. Kuhn,"olah, g",1
Steven A. Kostas,"fire, a",1
Steven A. Kostas,"mello, cc",1
Steven Chu,"chu, s",1
Steven L. Cohen,"mackinnon, r",1
Steven T. Cundiff,"hansch, tw",1
Steven Weinberg,"weinberg, s",1
Sturla Molden,"moser, ei",1
Sturla Molden,"moser, mb",1
Susan H. Merrill,"holley, rw",1
Susana E. Deustua,"perlmutter, s",1
Susanne Stoffel,"mullis, k",1
Susumu Tonegawa,"tonegawa, s",1
Suzanna E. Dana,"brown, ms",1
Sven Hammarstr?m,samuelss.b,1
T. Barszczxak,"kajita, t",1
T. Barszczxak,"koshiba, m",1
T. Bressani,"charpak, g",1
T. C. Goodale,"calvin, m",1
T. G. Rhoades,"ting, scc",1
T. H. Burritt,"mcdonald, ab",1
T. H. Morgan,"morgan, th",1
T. Hansl-Kozaȧecka,"rubbia, c",1
T. Hansl-Kozaȧecka,"vandermeer, s",1
T. Hansl‐Kozanecka,"rubbia, c",1
T. Hansl‐Kozanecka,"vandermeer, s",1
T. Hayakawa,"kajita, t",1
T. Hayakawa,"koshiba, m",1
T. Ishii,"kajita, t",1
T. Ishii,"koshiba, m",1
T. Iwamoto,"kajita, t",1
T. Iwamoto,"koshiba, m",1
T. J. Haines,"kajita, t",1
T. J. Haines,"koshiba, m",1
T. Kajita,"kajita, t",1
T. Kelsall,"mather, jc",1
T. Kelsall,"smoot, gf",1
T. Kifune,"koshiba, m",1
T. Kobayashi,"kajita, t",1
T. Kobayashi,"koshiba, m",1
T. L. Murdock,"mather, jc",1
T. L. Murdock,"smoot, gf",1
T. Matsuo,"tanaka, k",1
T. McCorriston,"ting, scc",1
T. P. Pun,"perl, ml",1
T. Pignet,"ertl, g",1
T. Tanimori,"koshiba, m",1
T.D. Harris,"betzig, e",1
T.D. Lee,"lee, td",1
T.D. Lee,"yang, cn",1
T?ru Yoshizawa,"wald, g",1
Takashi Mukai,"nakamura, shuji",1
Takeshi Noda,"ohsumi, y",1
Takuma Suda,"koshiba, m",1
Tamio Yoshida,"tanaka, k",1
Teijiro Yonezawa,"fukui, k",1
Terry Marsh,"altman, s",1
Theodor W. Hänsch,"hall, jl",1
Theodore Friedmann,"smith, m",1
Thomas Binz,"sudhof, tc",1
Thomas Doetschman,"smithies, o",1
Thomas Engel,"ertl, g",1
Thomas F. Dunn,guillemi.r,1
Thomas Frielle,"kobilka, b",1
Thomas Frielle,"lefkowitz, r",1
Thomas H. Weller,"enders, jf",1
Thomas H. Weller,"robbins, fc",1
Thomas H. Weller,"weller, th",1
Thomas Hartsch,"ramakrishnan, v",1
Thomas J. Katz,"woodward, r",1
Thomas J. Kelly,"smith, ho",1
Thomas R. Broker,"roberts, rj",1
Thomas R. Cech,"cech, t",1
Thomas Udem,"hall, jl",1
Thomas Udem,"hansch, tw",1
Thomas W. Rosahl,"sudhof, tc",1
Thomas Weber,"rothman, je",1
Thomas Ypsilantis,"chamberlain, o",1
Thomas Ypsilantis,"segre, e",1
Tilman Esslinger,"hansch, tw",1
Tim Hunt,"hunt, t",1
Timothy F. Havel,"wuthrich, k",1
Timothy J. Carroll,"rubbia, c",1
Timothy J. Carroll,"vandermeer, s",1
Todd S. Rose,"zewail, a",1
Tom Evans,"hunt, t",1
Tomas Lindahl,"lindahl, t",1
Tomohiro Yamaguchi,"kajita, t",1
Tomohiro Yamaguchi,"koshiba, m",1
Tomoko Ichisaka,"yamanaka, s",1
Tor Magnusson,"carlsson, a",1
Torkel Hafting,"moser, ei",1
Torkel Hafting,"moser, mb",1
Toshihide Maskawa,"kobayash, m",1
Toshihide Maskawa,"maskawa, t",1
Toshio Wakabayashi,samuelss.b,1
Tsutomu Katsuki,"sharpless, k",1
U. Becker,"ting, scc",1
U. S. von Euler,"bergstrom, s",1
U. S. von Euler,von euler us,1
Ulrich Sch?llkopf,"wittig, g",1
Ulrich Westphal,"butenandt, a",1
V. Fock,"born, m",1
V. J. Stenger,"kajita, t",1
V. J. Stenger,"koshiba, m",1
V. M. Ustinov,"alferov, zi",1
V.M. Ustinov,"alferov, zi",1
Val L. Fitch,"cronin, jw",1
Val L. Fitch,"fitch, v",1
Victor A. Fried,"sudhof, tc",1
Victoria Haas,"calvin, m",1
Viktor Hamburger,"cohen, s",1
Vincent Castellucci,"kandel, er",1
Violet C. Shore,"kendrew, j",1
W Gerlach,"stern, o",1
W. A. Anderson,"ernst, r",1
W. A. M. Duncan,"black, jw",1
W. A. Strauser,"shull, cg",1
W. B. Handler,"mcdonald, ab",1
W. Bothe,"bothe, w",1
W. Dean Rupp,"sancar, a",1
W. Doki,"kajita, t",1
W. Doki,"koshiba, m",1
W. E. Keig,"kajita, t",1
W. E. Keig,"koshiba, m",1
W. E. Moerner,"moerner, w",1
W. Einthoven,"einthoven, w",1
W. F. Giauque,"giauque, w",1
W. F. Libby,"libby, w",1
W. Friedrich,"laue, m",1
W. Gajewski,"kajita, t",1
W. Gajewski,"koshiba, m",1
W. H. Brattain,"brattain, wh",1
W. H. Wong,"polanyi, j",1
W. Heisenberg,"born, m",1
W. Heisenberg,"heisenberg, w",1
W. J. Gully,"lee, dm",1
W. J. Gully,"richards, rc",1
W. Klyne,"prelog, v",1
W. Kozanecki,"rubbia, c",1
W. Kozanecki,"vandermeer, s",1
W. L. Bragg,"bragg, wh",1
W. Locke,"mcdonald, ab",1
W. M. Itano,"wineland, david",1
W. M. McLamore,"woodward, r",1
W. M. Stanley,"stanley, w",1
W. Pfab,"fischer, e",1
W. R. Hess,"hess, wr",1
W. R. Kropp,"kajita, t",1
W. R. Kropp,"koshiba, m",1
W. S. Boyle,"boyle, ws",1
W. S. Boyle,"smith, ge",1
W. Stepka,"calvin, m",1
W. W. Hansen,"bloch, f",1
W. Zhang,"koshiba, m",1
W.P Aue,"ernst, r",1
Wayne M. Itano,"wineland, david",1
Wendy V. Gilbert,"gilbert, w",1
Werner Arber,"arber, w",1
William A. Fowler,"fowler, wa",1
William Bragg,"bragg, wh",1
William Bragg,"bragg, wl",1
William C. Campbell,"campbell, wc",1
William D. Phillips,"phillips, wd",1
William F. Hamilton,"cournand, a",1
William F. Hamilton,"richards, dw",1
William H. Stein,"moore, s",1
William J. Young,"harden, a",1
William P. Arnold,"murad, f",1
William P. Murphy,"minot, gr",1
William P. Murphy,"murphy, wp",1
William S. Knowles,"knowles, w",1
William S. Tolgyesi,"olah, g",1
William W. Ward,"chalfie, m",1
Willis E. Lamb,"lamb, we",1
Willy Rozenbaum,"barresinoussi, f",1
Willy Rozenbaum,"montagnier, l",1
Witold Kozanecki,"rubbia, c",1
Witold Kozanecki,"vandermeer, s",1
Wolfgang K. H. Panofsky,"friedman, ji",1
Wolfgang K. H. Panofsky,"kendall, hw",1
Wolfgang K. H. Panofsky,"taylor, re",1
Wolfgang Ketterle,"ketterle, w",1
Wolfgang Paul,"paul, w",1
Wolfgang Pauli,"pauli, w",1
Wylie Vale,guillemi.r,1
Wālther Gerlāch,"stern, o",1
Xavier Maı̂tre,"haroche, serge",1
Xiaolong He,"beutler, b",1
Xin Du,"beutler, b",1
Y. Fukuda,"kajita, t",1
Y. Fukuda,"koshiba, m",1
Y. Itow,"kajita, t",1
Y. Itow,"koshiba, m",1
Y. Koshio,"kajita, t",1
Y. Koshio,"koshiba, m",1
Y. Nagashima,"kajita, t",1
Y. Nagashima,"koshiba, m",1
Y. Oyama,"kajita, t",1
Y. Pang,"grunberg, p",1
Y. T. Lee,herschba.dr,1
Y. Takeuchi,"kajita, t",1
Y. Takeuchi,"koshiba, m",1
Y. Totsuka,"kajita, t",1
Y. W. Park,"heeger, a",1
Y. W. Park,"macdiarmid, a",1
Y. W. Park,shirakaw.h,1
Y. Y. Lee,"ting, scc",1
Y. Zhang,"geim, andre k.",1
Y. Zhang,"novoselov, kostya s.",1
Ye Dai,"mcdonald, ab",1
Yo Saiga,shimomur.o,1
Yoshikazu Yoshida,"tanaka, k",1
Yoshiyuki Kobayashi,"kajita, t",1
Yoshiyuki Kobayashi,"koshiba, m",1
Yu-Lin Kong,"omura, s",1
Yuan Tu,"chalfie, m",1
Yukiko Goda,"sudhof, tc",1
Yutaka Ido,"tanaka, k",1
Yves Chauvin,"chauvin, y",1
Z. Conner,"kajita, t",1
Z. Conner,"koshiba, m",1
Zanvil A. Cohn,"steinman, rm",1
"charpak, g",Č. Zupančič,1
"geim, andre k.",А. А. Firsov,1
"geim, andre k.",С. В. Морозов,1
"hoffmann, ja",¨¦mmanuelle Nicolas,1
"laue, m",Μ. v. Laue,1
"novoselov, kostya s.",А. А. Firsov,1
"novoselov, kostya s.",С. В. Морозов,1
"ruska, e",Э. Руска,1
