laureate_a_id,laureate_b_id,laureate_a_name,laureate_b_name,shared_count,sample_paper,sample_title
30071,30072,"brown, ms","goldstein, jl",345,https://openalex.org/W1980092242,
10016,10017,"novoselov, kostya s.","geim, andre k.",140,https://openalex.org/W1685717152,
20041,20043,"heeger, a","macdiarmid, a",114,https://openalex.org/W2000407343,
10111,10139,"bardeen, j","bardeen, j",112,https://openalex.org/W1964753132,
10057,10100,"perl, ml","richter, b",102,https://openalex.org/W2076506992,
30063,30064,"varmus, he","bishop, jm",94,https://openalex.org/W2073614478,
10048,10049,"stormer, hl","tsui, dc",65,https://openalex.org/W2070252507,
10074,10075,"muller, ka","bednorz, jg",52,https://openalex.org/W2007068603,
20081,20114,"sanger, f","sanger, f",45,https://openalex.org/W2040403824,
30066,30067,"hitchings, gh","elion, gb",41,https://openalex.org/W2018506030,
30080,30082,"hubel, dh","wiesel, tn",40,https://openalex.org/W2116360511,
10066,10067,"friedman, ji","kendall, hw",39,https://openalex.org/W2043317984,
30005,30007,"moser, ei","moser, mb",38,https://openalex.org/W2004974848,
30141,30142,"richards, dw","cournand, a",37,https://openalex.org/W2115433861,
20017,20084,"negishi, e","brown, h",36,https://openalex.org/W4233084039,
10014,10015,"schmidt, bp","riess, adam g.",30,https://openalex.org/W2156856858,
10137,10138,"lee, td","yang, cn",29,https://openalex.org/W2009768419,
10040,10042,"cornell, ea","wiemann, ce",28,https://openalex.org/W2057010378,
10076,10077,"binnig, g","rohrer, h",26,https://openalex.org/W2084635172,
30057,30058,"fischer, eh","krebs, eg",25,https://openalex.org/W1983058690,
30157,30159,"cori, gt","cori, cf",25,1022879254,
20051,20052,"smalley, r","curl, r",24,https://openalex.org/W1969921866,
20018,20084,"suzuki, a","brown, h",23,https://openalex.org/W2335358516,
20094,20095,"stein, w","moore, s",23,https://openalex.org/W2017470279,
20013,20014,"lefkowitz, r","kobilka, b",22,https://openalex.org/W2006913937,
20035,20060,"wuthrich, k","ernst, r",22,https://openalex.org/W2009176263,
20064,20066,"deisenhofer, j","michel, h",20,https://openalex.org/W2179324273,
30020,30022,"barresinoussi, f","montagnier, l",20,https://openalex.org/W2157966890,
20125,20126,"alder, k","diels, o",19,https://openalex.org/W2061423972,
30048,30049,zinkerna.rm,"doherty, pc",19,https://openalex.org/W2069417575,
20088,20136,"prelog, v","ruzicka, l",18,https://openalex.org/W2000538366,
30164,30165,"erlanger, j","gasser, hs",18,https://openalex.org/W2596537114,
10026,10027,"mather, jc","smoot, gf",17,https://openalex.org/W1554214697,
20064,20065,"deisenhofer, j","huber, r",17,https://openalex.org/W2093572741,
10030,10086,"hansch, tw","schawlow, al",16,https://openalex.org/W1977431015,
10054,10056,"lee, dm","richards, rc",16,https://openalex.org/W2056792405,
20053,20055,"molina, m","rowland, f",14,https://openalex.org/W2035096521,
10122,10124,"prokhorov, am","basov, ng",13,https://openalex.org/W2040375028,
20061,30077,"corey, e",samuelss.b,13,https://openalex.org/W2028868263,
20101,20102,"norrish, r","porter, g",13,https://openalex.org/W2057382995,
30127,30128,"hodgkin, al","huxley, af",13,https://openalex.org/W1999483147,
20003,20068,"sauvage, j","lehn, j",12,https://openalex.org/W2086145780,
30059,30060,"sakmann, b","neher, e",12,https://openalex.org/W1971880089,
30121,30123,"monod, j","jacob, f",12,https://openalex.org/W2094396480,
10044,10122,"alferov, zi","prokhorov, am",11,https://openalex.org/W2067843770,
10065,10067,"taylor, re","kendall, hw",11,https://openalex.org/W1497196551,
20079,20105,"hoffmann, r","woodward, r",11,https://openalex.org/W2004468921,
10037,10058,"koshiba, m","reines, f",10,https://openalex.org/W1991708271,
20001,20003,"stoddart, j","sauvage, j",10,https://openalex.org/W2148668078,
20030,20031,"ciechanover, a","hershko, a",10,https://openalex.org/W3148160989,
20041,20042,"heeger, a",shirakaw.h,10,https://openalex.org/W1995090713,
30091,30092,"schally, av",guillemi.r,10,https://openalex.org/W2082720586,
10063,10073,"charpak, g","lederman, lm",9,https://openalex.org/W2096719377,
10065,10066,"taylor, re","friedman, ji",9,https://openalex.org/W1497196551,
20050,20051,"kroto, h","smalley, r",9,https://openalex.org/W1969921866,
20050,20052,"kroto, h","curl, r",9,https://openalex.org/W1969921866,
30055,30096,"sharp, pa",baltimor.d,9,https://openalex.org/W1986503880,
10001,10002,"thouless, dj","kosterlitz, jm",8,https://openalex.org/W2332514279,
20035,20065,"wuthrich, k","huber, r",8,https://openalex.org/W2045515096,
20042,20078,shirakaw.h,"fukui, k",8,https://openalex.org/W1978733120,
30008,30071,"sudhof, tc","brown, ms",8,https://openalex.org/W2035174476,
30008,30072,"sudhof, tc","goldstein, jl",8,https://openalex.org/W2035174476,
30145,30146,"weller, th","enders, jf",8,https://openalex.org/W2332940131,
10132,10133,"chamberlain, o","segre, e",7,1556168253,
20001,20028,"stoddart, j","grubbs, r",7,https://openalex.org/W1983485566,
20010,20011,"levitt, m","warshel, a",7,https://openalex.org/W2953168281,
20011,20012,"warshel, a","karplus, m",7,https://openalex.org/W2061505252,
20042,20043,shirakaw.h,"macdiarmid, a",7,https://openalex.org/W2084898000,
20065,20066,"huber, r","michel, h",7,https://openalex.org/W1916260872,
20071,20072,herschba.dr,"lee, y",7,https://openalex.org/W1965173580,
30028,30029,"warren, jr","marshall, bj",7,https://openalex.org/W1997314459,
10071,10181,"steinberger, j",charles edouard guillaume,6,https://openalex.org/W2466706182,
10101,10102,"bohr, a.","mottelson, br",6,https://openalex.org/W2093806366,
10109,20041,"schrieffer, jr","heeger, a",6,https://openalex.org/W1978762857,
20045,20056,"pople, j","olah, g",6,https://openalex.org/W1971552067,
20099,20133,"hassel, o","virtanen, a",6,https://openalex.org/W2022183076,
30018,30019,"greider, cw","blackburn, eh",6,https://openalex.org/W2161948433,
30026,30027,"mello, cc","fire, a",6,https://openalex.org/W1647075334,
30030,30031,"buck, l","axel, r",6,https://openalex.org/W2047501334,
30130,30131,"watson, jd","crick, fhc",6,https://openalex.org/W2003896402,
30144,30146,"robbins, fc","enders, jf",6,https://openalex.org/W1990900524,
10013,10015,"perlmutter, s","riess, adam g.",5,https://openalex.org/W2083585981,
10022,10023,"kobayash, m","maskawa, t",5,https://openalex.org/W1608793834,
10054,10055,"lee, dm","osheroff, dd",5,https://openalex.org/W2044563918,
10055,10056,"osheroff, dd","richards, rc",5,https://openalex.org/W2044563918,
10065,10074,"taylor, re","muller, ka",5,https://openalex.org/W1554930643,
10133,20123,"segre, e","seaborg, g",5,https://openalex.org/W2034897441,
20010,20026,"levitt, m","kornberg, r",5,https://openalex.org/W2151805592,
20020,20087,"steitz, t","lipscomb, w",5,https://openalex.org/W2321411262,
20057,30114,"smith, m","khorana, hg",5,https://openalex.org/W2312440692,
20079,20087,"hoffmann, r","lipscomb, w",5,https://openalex.org/W2028808912,
20088,20105,"prelog, v","woodward, r",5,https://openalex.org/W1990589000,
30008,30060,"sudhof, tc","neher, e",5,https://openalex.org/W2770038755,
30034,30036,"horvitz, hr","sulston, je",5,https://openalex.org/W1986006829,
30073,30074,"milstein, c","kohler, g",5,https://openalex.org/W2161629160,
30161,30163,"chain, e","florey, hw",5,https://openalex.org/W2017108816,
30174,30176,"minot, gr","murphy, wp",5,https://openalex.org/W2032615709,
10011,10052,"haroche, serge","cohentannoudji, c",4,https://openalex.org/W2001574546,
10031,10032,"wilczek, f","gross, dj",4,https://openalex.org/W1974555464,
10057,10131,"perl, ml","glaser, da",4,https://openalex.org/W9764193,
10061,10062,"hulse, ra","taylor, jh",4,https://openalex.org/W1988782255,
10068,10157,"ramsey, nf","rabi, ii",4,https://openalex.org/W1979123506,
10086,10087,"schawlow, al","bloember, n",4,10.1002/piuz.19790100102,
10087,10123,"bloember, n","townes, ch",4,https://openalex.org/W2057588608,
10091,10092,"weinberg, s","glashow, sl",4,https://openalex.org/W2003277035,
10104,10105,"ryle, m","hewish, a",4,https://openalex.org/W2332229561,
10111,10123,"bardeen, j","townes, ch",4,https://openalex.org/W2002378492,
10111,10140,"bardeen, j","brattain, wh",4,https://openalex.org/W2055363738,
10123,10139,"townes, ch","bardeen, j",4,https://openalex.org/W2002378492,
10139,10140,"bardeen, j","brattain, wh",4,https://openalex.org/W2055363738,
10159,20124,"lawrence, eo","mcmillan, e",4,https://openalex.org/W1983415581,
20004,20006,"modrich, p","sancar, a",4,https://openalex.org/W1968765462,
20012,20087,"karplus, m","lipscomb, w",4,https://openalex.org/W2139044055,
20022,30036,"chalfie, m","sulston, je",4,https://openalex.org/W2092111364,
20031,20032,"hershko, a","rose, i",4,https://openalex.org/W1968229731,
20040,30003,"sharpless, k","omura, s",4,https://openalex.org/W2011843450,
20061,20087,"corey, e","lipscomb, w",4,https://openalex.org/W4246705315,
20064,30008,"deisenhofer, j","sudhof, tc",4,https://openalex.org/W2046175624,
20082,30096,"berg, p",baltimor.d,4,https://openalex.org/W1987739153,
30017,30019,"szostak, jw","blackburn, eh",4,https://openalex.org/W2136687298,
30048,30068,zinkerna.rm,"tonegawa, s",4,https://openalex.org/W1969981548,
30144,30145,"robbins, fc","weller, th",4,https://openalex.org/W2157060792,
30151,30153,"kendall, ec","hench, ps",4,https://openalex.org/W2062209205,
10001,10097,"thouless, dj","anderson, pw",3,https://openalex.org/W1990755770,
10012,10069,"wineland, david","dehmelt, hg",3,https://openalex.org/W2027451367,
10019,10020,"boyle, ws","smith, ge",3,https://openalex.org/W2113742150,
10029,10030,"hall, jl","hansch, tw",3,https://openalex.org/W2027143262,
10031,10109,"wilczek, f","schrieffer, jr",3,https://openalex.org/W2057042903,
10044,10124,"alferov, zi","basov, ng",3,https://openalex.org/W2018406834,
10046,10047,"veltman, m","thooft, g",3,https://openalex.org/W1967251385,
10072,10073,"schwartz, m","lederman, lm",3,https://openalex.org/W1993992726,
10080,10081,"rubbia, c","vandermeer, s",3,https://openalex.org/W1996888950,
10087,10148,"bloember, n","purcell, em",3,https://openalex.org/W2000137944,
20023,30040,"tsien, r","kandel, er",3,https://openalex.org/W2022855703,
20036,20078,"tanaka, k","fukui, k",3,https://openalex.org/W4256086617,
20038,20061,"noyori, r","corey, e",3,https://openalex.org/W2007546254,
20044,20059,"zewail, a","marcus, r",3,https://openalex.org/W2009892517,
20057,20081,"smith, m","sanger, f",3,https://openalex.org/W2080226027,
20057,20114,"smith, m","sanger, f",3,https://openalex.org/W2080226027,
20080,30068,"gilbert, w","tonegawa, s",3,https://openalex.org/W2093988305,
20088,20098,"prelog, v","barton, d",3,https://openalex.org/W2047083083,
20090,20093,"flory, p","anfinsen, c",3,https://openalex.org/W2046153753,
20090,20109,"flory, p","kendrew, j",3,https://openalex.org/W2150098369,
20109,20110,"kendrew, j","perutz, m",3,https://openalex.org/W2087024809,
30008,30041,"sudhof, tc",greengar.p,3,https://openalex.org/W2770038755,
30009,30010,"schekman, r","rothman, je",3,https://openalex.org/W1995984519,
30035,30036,"brenner, s","sulston, je",3,https://openalex.org/W2108471057,
30043,30100,"blobel, g","palade, ge",3,https://openalex.org/W1993684425,
30050,30051,"nussleinvolhard, c","wieschaus, e",3,https://openalex.org/W2088667155,
30054,30113,"gilman, ag","nirenberg, m",3,https://openalex.org/W2013763026,
30069,30070,"cohen, s","levimontalcini, r",3,https://openalex.org/W2040742427,
30082,30123,"wiesel, tn","jacob, f",3,https://openalex.org/W2088088472,
30085,30104,benacerr.b,"edelman, gm",3,https://openalex.org/W1979320681,
30088,30090,"nathans, d","smith, ho",3,https://openalex.org/W2077463564,
30096,30130,baltimor.d,"watson, jd",3,https://openalex.org/W2011524205,
30109,30127,"katz, b","hodgkin, al",3,https://openalex.org/W2008002200,
30183,30184,"macleod, jjr","banting, fg",3,https://openalex.org/W2257198244,
10006,10008,"akasaki, isamu","nakamura, shuji",2,https://openalex.org/W2059995155,
10007,10008,"amano, hiroshi","nakamura, shuji",2,https://openalex.org/W2059995155,
10011,10086,"haroche, serge","schawlow, al",2,https://openalex.org/W2034550688,
10013,10014,"perlmutter, s","schmidt, bp",2,https://openalex.org/W2055015929,
10024,10025,"fert, a","grunberg, p",2,https://openalex.org/W2084838971,
10030,10053,"hansch, tw","chu, s",2,https://openalex.org/W2069480884,
10033,10092,"politzer, hd","glashow, sl",2,https://openalex.org/W2027082940,
10034,10044,"abrikosov, aa","alferov, zi",2,https://openalex.org/W2041599947,
10057,10130,"perl, ml","hofstadter, r",2,https://openalex.org/W2091277857,
10068,10148,"ramsey, nf","purcell, em",2,https://openalex.org/W2014368716,
10071,10073,"steinberger, j","lederman, lm",2,https://openalex.org/W1993992726,
10075,10076,"bednorz, jg","binnig, g",2,https://openalex.org/W2081992810,
10083,10160,"chandrasekhar, s","fermi, e",2,https://openalex.org/W2066018687,
10088,10089,"cronin, jw","fitch, v",2,https://openalex.org/W2297595636,
10095,20090,"penzias, aa","flory, p",2,https://openalex.org/W1973311455,
10109,10110,"schrieffer, jr","cooper, ln",2,https://openalex.org/W2230110036,
10110,10111,"cooper, ln","bardeen, j",2,https://openalex.org/W2230110036,
10110,10139,"cooper, ln","bardeen, j",2,https://openalex.org/W2230110036,
10115,10119,"gellmann, m","feynman, rp",2,https://openalex.org/W1508439018,
10117,10172,"bethe, ha","compton, ah",2,https://openalex.org/W2329761637,
10117,20144,"bethe, ha","urey, h",2,https://openalex.org/W2329761637,
10158,10180,"stern, o","einstein, a",2,https://openalex.org/W2084551481,
10164,10178,"anderson, cd","millikan, ra",2,https://openalex.org/W1985728346,
10180,20144,"einstein, a","urey, h",2,https://openalex.org/W2329761637,
20003,20028,"sauvage, j","grubbs, r",2,https://openalex.org/W1983101851,
20005,30104,"lindahl, t","edelman, gm",2,https://openalex.org/W2050496089,
20006,20064,"sancar, a","deisenhofer, j",2,https://openalex.org/W2051248004,
20010,20077,"levitt, m","klug, a",2,https://openalex.org/W1979629335,
20012,20060,"karplus, m","ernst, r",2,https://openalex.org/W2089059990,
20013,30054,"lefkowitz, r","gilman, ag",2,https://openalex.org/W2036618934,
20017,20018,"negishi, e","suzuki, a",2,https://openalex.org/W2000790285,
20018,20056,"suzuki, a","olah, g",2,https://openalex.org/W2952900089,
20022,20023,"chalfie, m","tsien, r",2,https://openalex.org/W2118989369,
20022,20024,"chalfie, m",shimomur.o,2,https://openalex.org/W2118989369,
20022,30034,"chalfie, m","horvitz, hr",2,https://openalex.org/W2092111364,
20023,20024,"tsien, r",shimomur.o,2,https://openalex.org/W2118989369,
20026,20082,"kornberg, r","berg, p",2,https://openalex.org/W2011713903,
20030,20032,"ciechanover, a","rose, i",2,https://openalex.org/W1968229731,
20044,20070,"zewail, a","polanyi, j",2,https://openalex.org/W2011524205,
20044,30096,"zewail, a",baltimor.d,2,https://openalex.org/W2011524205,
20062,30019,"cech, t","blackburn, eh",2,https://openalex.org/W2144417959,
20064,30071,"deisenhofer, j","brown, ms",2,https://openalex.org/W2136116905,
20064,30072,"deisenhofer, j","goldstein, jl",2,https://openalex.org/W2136116905,
20070,30082,"polanyi, j","wiesel, tn",2,https://openalex.org/W2088088472,
20070,30123,"polanyi, j","jacob, f",2,https://openalex.org/W2088088472,
20080,30130,"gilbert, w","watson, jd",2,https://openalex.org/W2326549682,
20082,30035,"berg, p","brenner, s",2,https://openalex.org/W2081538851,
20098,20105,"barton, d","woodward, r",2,https://openalex.org/W2027323925,
20120,20136,"staudinger, h","ruzicka, l",2,https://openalex.org/W2100401993,
20123,20144,"seaborg, g","urey, h",2,https://openalex.org/W1586033187,
20157,20163,"soddy, f","rutherford, e",2,https://openalex.org/W2035526860,
30008,30047,"sudhof, tc","prusiner, sb",2,https://openalex.org/W2470929827,
30014,30015,"hoffmann, ja","beutler, b",2,https://openalex.org/W2070385005,
30017,30018,"szostak, jw","greider, cw",2,https://openalex.org/W2161948433,
30022,30094,"montagnier, l","gajdusek, dc",2,https://openalex.org/W2157966890,
30024,30055,"capecchi, mr","sharp, pa",2,https://openalex.org/W1977095083,
30031,30040,"axel, r","kandel, er",2,https://openalex.org/W2006220140,
30035,30096,"brenner, s",baltimor.d,2,https://openalex.org/W2081538851,
30035,30123,"brenner, s","jacob, f",2,https://openalex.org/W2006652125,
30039,30098,"hartwell, lh","dulbecco, r",2,https://openalex.org/W2987082602,
30047,30094,"prusiner, sb","gajdusek, dc",2,https://openalex.org/W2037682293,
30077,30079,samuelss.b,"bergstrom, s",2,https://openalex.org/W1997195672,
30088,30096,"nathans, d",baltimor.d,2,https://openalex.org/W2046492989,
30088,30130,"nathans, d","watson, jd",2,https://openalex.org/W2046492989,
30088,30147,"nathans, d","lipmann, f",2,https://openalex.org/W2043376065,
30096,30135,baltimor.d,"kornberg, a",2,https://openalex.org/W1973311455,
30096,30137,baltimor.d,"lederberg, j",2,https://openalex.org/W2145483524,
30100,30101,"palade, ge","claude, a",2,https://openalex.org/W2154849269,
30109,30126,"katz, b","eccles, jc",2,https://openalex.org/W2340428541,
30114,30135,"khorana, hg","kornberg, a",2,https://openalex.org/W2011713903,
30124,30136,"lynen, f","ochoa, s",2,https://openalex.org/W2063551434,
30137,30139,"lederberg, j","tatum, el",2,https://openalex.org/W2068862574,
10002,10050,"kosterlitz, jm","laughlin, rb",1,https://openalex.org/W1997897194,
10004,10005,"kajita, t","mcdonald, ab",1,https://openalex.org/W2028218804,
10008,10043,"nakamura, shuji",kroemer herbert,1,https://openalex.org/W2025933736,
10011,10012,"haroche, serge","wineland, david",1,https://openalex.org/W2009243532,
10012,10042,"wineland, david","wiemann, ce",1,https://openalex.org/W4242074707,
10012,10051,"wineland, david","phillips, wd",1,https://openalex.org/W2141632230,
10012,10052,"wineland, david","cohentannoudji, c",1,https://openalex.org/W2142914691,
10012,10068,"wineland, david","ramsey, nf",1,https://openalex.org/W1987915577,
10013,10027,"perlmutter, s","smoot, gf",1,https://openalex.org/W2599141802,
10016,10024,"novoselov, kostya s.","fert, a",1,https://openalex.org/W2024227324,
10016,10048,"novoselov, kostya s.","stormer, hl",1,https://openalex.org/W2148226925,
10017,10048,"geim, andre k.","stormer, hl",1,https://openalex.org/W2148226925,
10021,10137,"nambu, yoichiro","lee, td",1,https://openalex.org/W2057091324,
10027,10117,"smoot, gf","bethe, ha",1,https://openalex.org/W2006116776,
10029,10053,"hall, jl","chu, s",1,https://openalex.org/W2602500464,
10030,10076,"hansch, tw","binnig, g",1,https://openalex.org/W2072367109,
10031,10033,"wilczek, f","politzer, hd",1,https://openalex.org/W2027082940,
10031,10092,"wilczek, f","glashow, sl",1,https://openalex.org/W2027082940,
10034,10035,"abrikosov, aa","leggett, aj",1,https://openalex.org/W1972192109,
10034,10122,"abrikosov, aa","prokhorov, am",1,https://openalex.org/W1969770578,
10034,10124,"abrikosov, aa","basov, ng",1,https://openalex.org/W2323292327,
10035,10054,"leggett, aj","lee, dm",1,https://openalex.org/W1974351569,
10035,10055,"leggett, aj","osheroff, dd",1,https://openalex.org/W3029122853,
10041,10051,"ketterle, w","phillips, wd",1,10.1103/physreva.72.0,
10043,20041,kroemer herbert,"heeger, a",1,https://openalex.org/W2063709465,
10051,10052,"phillips, wd","cohentannoudji, c",1,https://openalex.org/W2064515996,
10052,10118,"cohentannoudji, c","kastler, a",1,https://openalex.org/W1981677664,
10053,10087,"chu, s","bloember, n",1,https://openalex.org/W3139720574,
10053,20033,"chu, s","agre, p",1,https://openalex.org/W2761199484,
10053,20053,"chu, s","molina, m",1,https://openalex.org/W2761199484,
10053,30008,"chu, s","sudhof, tc",1,https://openalex.org/W1991910243,
10055,10097,"osheroff, dd","anderson, pw",1,https://openalex.org/W3170420042,
10057,10065,"perl, ml","taylor, re",1,https://openalex.org/W2078260451,
10057,10088,"perl, ml","cronin, jw",1,https://openalex.org/W2079403877,
10063,10092,"charpak, g","glashow, sl",1,https://openalex.org/W2114752987,
10067,10117,"kendall, hw","bethe, ha",1,https://openalex.org/W2020402002,
10068,10120,"ramsey, nf","schwinger, j",1,https://openalex.org/W2077888255,
10071,10131,"steinberger, j","glaser, da",1,https://openalex.org/W1996798660,
10071,10132,"steinberger, j","chamberlain, o",1,https://openalex.org/W2041548295,
10071,10137,"steinberger, j","lee, td",1,https://openalex.org/W1993992726,
10072,10137,"schwartz, m","lee, td",1,https://openalex.org/W1993992726,
10072,10181,"schwartz, m",charles edouard guillaume,1,https://openalex.org/W2000744791,
10073,10137,"lederman, lm","lee, td",1,https://openalex.org/W1993992726,
10073,10181,"lederman, lm",charles edouard guillaume,1,https://openalex.org/W2000744791,
10074,10077,"muller, ka","rohrer, h",1,https://openalex.org/W2013496751,
10083,20096,"chandrasekhar, s","herzberg, g.",1,https://openalex.org/W2007826074,
10087,20044,"bloember, n","zewail, a",1,https://openalex.org/W2470657253,
10088,10131,"cronin, jw","glaser, da",1,https://openalex.org/W2079403877,
10089,10103,"fitch, v","rainwater, j",1,https://openalex.org/W2044017495,
10091,10119,"weinberg, s","feynman, rp",1,https://openalex.org/W2068469684,
10091,10137,"weinberg, s","lee, td",1,https://openalex.org/W2162522920,
10092,10115,"glashow, sl","gellmann, m",1,https://openalex.org/W2055032331,
10095,20093,"penzias, aa","anfinsen, c",1,https://openalex.org/W2089180986,
10095,30096,"penzias, aa",baltimor.d,1,https://openalex.org/W1973311455,
10095,30113,"penzias, aa","nirenberg, m",1,https://openalex.org/W1973311455,
10095,30135,"penzias, aa","kornberg, a",1,https://openalex.org/W1973311455,
10098,10123,"van vleck, jh","townes, ch",1,https://openalex.org/W1975703131,
10102,10117,"mottelson, br","bethe, ha",1,https://openalex.org/W2095471659,
10111,10127,"bardeen, j","wigner, ep",1,https://openalex.org/W4241095307,
10116,10172,"alvarez, lw","compton, ah",1,https://openalex.org/W2005052690,
10117,10120,"bethe, ha","schwinger, j",1,https://openalex.org/W2461706283,
10117,10180,"bethe, ha","einstein, a",1,https://openalex.org/W2329761637,
10117,20123,"bethe, ha","seaborg, g",1,https://openalex.org/W2461706283,
10120,10157,"schwinger, j","rabi, ii",1,https://openalex.org/W2077888255,
10120,20123,"schwinger, j","seaborg, g",1,https://openalex.org/W2461706283,
10120,20144,"schwinger, j","urey, h",1,https://openalex.org/W2461706283,
10123,10143,"townes, ch","lamb, we",1,https://openalex.org/W2004106662,
10127,10139,"wigner, ep","bardeen, j",1,https://openalex.org/W4241095307,
10127,10167,"wigner, ep","dirac, pam",1,https://openalex.org/W1983850647,
10131,10181,"glaser, da",charles edouard guillaume,1,https://openalex.org/W1996798660,
10133,10160,"segre, e","fermi, e",1,https://openalex.org/W1987958344,
10140,10141,"brattain, wh","shockley, w",1,https://openalex.org/W1995272760,
10144,10166,"born, m","schrodinger, e",1,https://openalex.org/W2094150019,
10147,10157,"bloch, f","rabi, ii",1,https://openalex.org/W2035734124,
10149,10150,"walton, ets","cockcroft, jd",1,https://openalex.org/W2062734533,
10166,10180,"schrodinger, e","einstein, a",1,https://openalex.org/W17837892,
10172,10180,"compton, ah","einstein, a",1,https://openalex.org/W2329761637,
10172,20144,"compton, ah","urey, h",1,https://openalex.org/W2329761637,
10178,10180,"millikan, ra","einstein, a",1,https://openalex.org/W2034430677,
10185,10186,"bragg, wl","bragg, wh",1,https://openalex.org/W1986715836,
20001,20067,"stoddart, j","cram, d",1,https://openalex.org/W2022410019,
20002,20036,"feringa, b","tanaka, k",1,https://openalex.org/W2121813687,
20004,30067,"modrich, p","elion, gb",1,https://openalex.org/W2069041430,
20006,30025,"sancar, a","smithies, o",1,https://openalex.org/W2153382373,
20007,20014,"moerner, w","kobilka, b",1,https://openalex.org/W2087702258,
20007,20023,"moerner, w","tsien, r",1,https://openalex.org/W1626513324,
20007,20025,"moerner, w","ertl, g",1,https://openalex.org/W2069356346,
20009,30044,"hell, s","murad, f",1,https://openalex.org/W2763796604,
20010,20110,"levitt, m","perutz, m",1,https://openalex.org/W2044672033,
20011,20045,"warshel, a","pople, j",1,https://openalex.org/W2152278650,
20011,20057,"warshel, a","smith, m",1,https://openalex.org/W2033156367,
20012,20045,"karplus, m","pople, j",1,https://openalex.org/W2073268177,
20012,20048,"karplus, m","walker, j",1,https://openalex.org/W2087318188,
20012,20059,"karplus, m","marcus, r",1,https://openalex.org/W2031187997,
20012,20064,"karplus, m","deisenhofer, j",1,https://openalex.org/W2044626212,
20012,20065,"karplus, m","huber, r",1,https://openalex.org/W2075000980,
20012,20066,"karplus, m","michel, h",1,https://openalex.org/W2044626212,
20012,20071,"karplus, m",herschba.dr,1,https://openalex.org/W2151282139,
20013,20023,"lefkowitz, r","tsien, r",1,https://openalex.org/W2036618934,
20013,30041,"lefkowitz, r",greengar.p,1,https://openalex.org/W2063372081,
20013,30053,"lefkowitz, r","rodbell, m",1,https://openalex.org/W2088134871,
20013,30063,"lefkowitz, r","varmus, he",1,https://openalex.org/W2036618934,
20014,30040,"kobilka, b","kandel, er",1,https://openalex.org/W2042295311,
20019,20020,"ramakrishnan, v","steitz, t",1,https://openalex.org/W2103666721,
20020,20077,"steitz, t","klug, a",1,https://openalex.org/W2048562981,
20021,20073,"yonath, a","karle, j",1,https://openalex.org/W2040089895,
20022,30018,"chalfie, m","greider, cw",1,https://openalex.org/W2405035507,
20023,30054,"tsien, r","gilman, ag",1,https://openalex.org/W2036618934,
20023,30063,"tsien, r","varmus, he",1,https://openalex.org/W2036618934,
20026,20030,"kornberg, r","ciechanover, a",1,https://openalex.org/W3148160989,
20026,20031,"kornberg, r","hershko, a",1,https://openalex.org/W3148160989,
20026,20077,"kornberg, r","klug, a",1,https://openalex.org/W1997121238,
20026,30010,"kornberg, r","rothman, je",1,https://openalex.org/W2007045422,
20026,30055,"kornberg, r","sharp, pa",1,https://openalex.org/W1964907714,
20026,30114,"kornberg, r","khorana, hg",1,https://openalex.org/W2011713903,
20026,30135,"kornberg, r","kornberg, a",1,https://openalex.org/W2011713903,
20028,20029,"grubbs, r","schrock, r",1,https://openalex.org/W2070116380,
20029,20052,"schrock, r","curl, r",1,https://openalex.org/W2009375805,
20029,20079,"schrock, r","hoffmann, r",1,https://openalex.org/W2009375805,
20029,30041,"schrock, r",greengar.p,1,https://openalex.org/W2009375805,
20030,20054,"ciechanover, a","crutzen, p",1,https://openalex.org/W1683309299,
20030,30008,"ciechanover, a","sudhof, tc",1,https://openalex.org/W1683309299,
20030,30019,"ciechanover, a","blackburn, eh",1,https://openalex.org/W1683309299,
20030,30096,"ciechanover, a",baltimor.d,1,https://openalex.org/W2516145178,
20033,20053,"agre, p","molina, m",1,https://openalex.org/W2761199484,
20033,20072,"agre, p","lee, y",1,https://openalex.org/W2017779610,
20033,30035,"agre, p","brenner, s",1,https://openalex.org/W2056699116,
20033,30036,"agre, p","sulston, je",1,https://openalex.org/W2017779610,
20033,30082,"agre, p","wiesel, tn",1,https://openalex.org/W2017779610,
20033,30088,"agre, p","nathans, d",1,https://openalex.org/W2003632722,
20033,30123,"agre, p","jacob, f",1,https://openalex.org/W2017779610,
20035,20064,"wuthrich, k","deisenhofer, j",1,https://openalex.org/W2041632275,
20044,20047,"zewail, a","boyer, p",1,https://openalex.org/W2011524205,
20044,30104,"zewail, a","edelman, gm",1,https://openalex.org/W2011524205,
20044,30130,"zewail, a","watson, jd",1,https://openalex.org/W2011524205,
20044,30137,"zewail, a","lederberg, j",1,https://openalex.org/W2011524205,
20045,20079,"pople, j","hoffmann, r",1,https://openalex.org/W1988614723,
20047,20070,"boyer, p","polanyi, j",1,https://openalex.org/W2011524205,
20047,20085,"boyer, p","mitchell, p",1,https://openalex.org/W2170407368,
20047,30096,"boyer, p",baltimor.d,1,https://openalex.org/W2011524205,
20047,30104,"boyer, p","edelman, gm",1,https://openalex.org/W2011524205,
20047,30130,"boyer, p","watson, jd",1,https://openalex.org/W2011524205,
20047,30137,"boyer, p","lederberg, j",1,https://openalex.org/W2011524205,
20047,30147,"boyer, p","lipmann, f",1,https://openalex.org/W2080253814,
20048,30035,"walker, j","brenner, s",1,https://openalex.org/W1987415417,
20052,20079,"curl, r","hoffmann, r",1,https://openalex.org/W2009375805,
20052,30041,"curl, r",greengar.p,1,https://openalex.org/W2009375805,
20053,20054,"molina, m","crutzen, p",1,https://openalex.org/W2152600059,
20054,20055,"crutzen, p","rowland, f",1,https://openalex.org/W2017570302,
20054,30008,"crutzen, p","sudhof, tc",1,https://openalex.org/W1683309299,
20054,30019,"crutzen, p","blackburn, eh",1,https://openalex.org/W1683309299,
20055,20112,"rowland, f","libby, w",1,https://openalex.org/W2036366674,
20057,30073,"smith, m","milstein, c",1,https://openalex.org/W2024071777,
20059,30096,"marcus, r",baltimor.d,1,https://openalex.org/W2125440179,
20059,30098,"marcus, r","dulbecco, r",1,https://openalex.org/W2125440179,
20061,20098,"corey, e","barton, d",1,https://openalex.org/W2056237295,
20061,30079,"corey, e","bergstrom, s",1,https://openalex.org/W2332537490,
20062,30017,"cech, t","szostak, jw",1,https://openalex.org/W2000738377,
20063,30035,"altman, s","brenner, s",1,https://openalex.org/W1977474374,
20063,30135,"altman, s","kornberg, a",1,https://openalex.org/W2103777221,
20065,20103,"huber, r","eigen, m",1,https://openalex.org/W2013242174,
20065,30038,"huber, r","hunt, t",1,https://openalex.org/W2013242174,
20070,30096,"polanyi, j",baltimor.d,1,https://openalex.org/W2011524205,
20070,30104,"polanyi, j","edelman, gm",1,https://openalex.org/W2011524205,
20070,30130,"polanyi, j","watson, jd",1,https://openalex.org/W2011524205,
20070,30137,"polanyi, j","lederberg, j",1,https://openalex.org/W2011524205,
20072,30036,"lee, y","sulston, je",1,https://openalex.org/W2017779610,
20072,30082,"lee, y","wiesel, tn",1,https://openalex.org/W2017779610,
20072,30123,"lee, y","jacob, f",1,https://openalex.org/W2017779610,
20077,30035,"klug, a","brenner, s",1,https://openalex.org/W4248576574,
20077,30131,"klug, a","crick, fhc",1,https://openalex.org/W2116109971,
20079,30041,"hoffmann, r",greengar.p,1,https://openalex.org/W2009375805,
20080,30034,"gilbert, w","horvitz, hr",1,https://openalex.org/W1996407011,
20080,30056,"gilbert, w","roberts, rj",1,https://openalex.org/W2026838887,
20080,30096,"gilbert, w",baltimor.d,1,https://openalex.org/W2011778247,
20081,30073,"sanger, f","milstein, c",1,https://openalex.org/W1964874644,
20082,30071,"berg, p","brown, ms",1,https://openalex.org/W1992329901,
20082,30072,"berg, p","goldstein, jl",1,https://openalex.org/W1992329901,
20082,30088,"berg, p","nathans, d",1,https://openalex.org/W1980999468,
20082,30114,"berg, p","khorana, hg",1,https://openalex.org/W2011713903,
20082,30130,"berg, p","watson, jd",1,https://openalex.org/W1980999468,
20082,30135,"berg, p","kornberg, a",1,https://openalex.org/W2011713903,
20082,30137,"berg, p","lederberg, j",1,https://openalex.org/W2052316535,
20085,20087,"mitchell, p","lipscomb, w",1,https://openalex.org/W1964126982,
20087,30104,"lipscomb, w","edelman, gm",1,https://openalex.org/W2016315755,
20088,20089,"prelog, v",cornfort.jw,1,https://openalex.org/W2152169313,
20088,20099,"prelog, v","hassel, o",1,https://openalex.org/W2036759105,
20090,20124,"flory, p","mcmillan, e",1,https://openalex.org/W2046153753,
20090,30096,"flory, p",baltimor.d,1,https://openalex.org/W1973311455,
20090,30112,"flory, p","delbruck, m",1,https://openalex.org/W2046153753,
20090,30113,"flory, p","nirenberg, m",1,https://openalex.org/W1973311455,
20090,30135,"flory, p","kornberg, a",1,https://openalex.org/W1973311455,
20091,20105,wilkinso.g,"woodward, r",1,https://openalex.org/W2318422058,
20093,20124,"anfinsen, c","mcmillan, e",1,https://openalex.org/W2046153753,
20093,30112,"anfinsen, c","delbruck, m",1,https://openalex.org/W2046153753,
20098,20099,"barton, d","hassel, o",1,https://openalex.org/W2036759105,
20098,20102,"barton, d","porter, g",1,https://openalex.org/W1976040169,
20103,30038,"eigen, m","hunt, t",1,https://openalex.org/W2013242174,
20103,30047,"eigen, m","prusiner, sb",1,https://openalex.org/W2051540079,
20105,30125,"woodward, r","bloch, k",1,https://openalex.org/W2329194363,
20114,30073,"sanger, f","milstein, c",1,https://openalex.org/W1964874644,
20115,30114,"todd, a","khorana, hg",1,https://openalex.org/W2010440660,
20119,20124,"pauling, l","mcmillan, e",1,https://openalex.org/W2332750983,
20121,20122,"synge, r","martin, a",1,https://openalex.org/W2606267620,
20121,20128,"synge, r","tiselius, a",1,https://openalex.org/W2047346065,
20123,20124,"seaborg, g","mcmillan, e",1,https://openalex.org/W2005101692,
20124,30112,"mcmillan, e","delbruck, m",1,https://openalex.org/W2046153753,
20140,30143,"karrer, p","theorell, h",1,https://openalex.org/W2121042277,
20145,20161,"langmuir, i","richards, t",1,https://openalex.org/W1979864302,
30003,30125,"omura, s","bloch, k",1,https://openalex.org/W1975180674,
30005,30006,"moser, ei","okeefe, j",1,https://openalex.org/W2464730063,
30005,30040,"moser, ei","kandel, er",1,https://openalex.org/W2019054821,
30007,30040,"moser, mb","kandel, er",1,https://openalex.org/W2019054821,
30008,30010,"sudhof, tc","rothman, je",1,https://openalex.org/W2024136850,
30008,30019,"sudhof, tc","blackburn, eh",1,https://openalex.org/W1683309299,
30008,30040,"sudhof, tc","kandel, er",1,https://openalex.org/W2008014936,
30008,30056,"sudhof, tc","roberts, rj",1,https://openalex.org/W2770038755,
30008,30057,"sudhof, tc","fischer, eh",1,https://openalex.org/W2770038755,
30008,30082,"sudhof, tc","wiesel, tn",1,https://openalex.org/W2770038755,
30010,30043,"rothman, je","blobel, g",1,https://openalex.org/W2030685467,
30019,30064,"blackburn, eh","bishop, jm",1,https://openalex.org/W1967017947,
30020,30094,"barresinoussi, f","gajdusek, dc",1,https://openalex.org/W2157966890,
30022,30063,"montagnier, l","varmus, he",1,https://openalex.org/W2030676469,
30022,30097,"montagnier, l","temin, hm",1,https://openalex.org/W2030676469,
30024,30063,"capecchi, mr","varmus, he",1,https://openalex.org/W2022932732,
30024,30064,"capecchi, mr","bishop, jm",1,https://openalex.org/W2022932732,
30029,30056,"marshall, bj","roberts, rj",1,https://openalex.org/W1486676348,
30034,30035,"horvitz, hr","brenner, s",1,https://openalex.org/W2096285464,
30035,30040,"brenner, s","kandel, er",1,https://openalex.org/W2053610456,
30035,30056,"brenner, s","roberts, rj",1,https://openalex.org/W2053641310,
30035,30073,"brenner, s","milstein, c",1,https://openalex.org/W2053470716,
30035,30130,"brenner, s","watson, jd",1,https://openalex.org/W2053610456,
30036,30082,"sulston, je","wiesel, tn",1,https://openalex.org/W2017779610,
30036,30123,"sulston, je","jacob, f",1,https://openalex.org/W2017779610,
30037,30039,"nurse, p","hartwell, lh",1,https://openalex.org/W2086451010,
30040,30041,"kandel, er",greengar.p,1,https://openalex.org/W2143715198,
30040,30068,"kandel, er","tonegawa, s",1,https://openalex.org/W2133659563,
30040,30130,"kandel, er","watson, jd",1,https://openalex.org/W2053610456,
30041,30056,greengar.p,"roberts, rj",1,https://openalex.org/W2770038755,
30041,30057,greengar.p,"fischer, eh",1,https://openalex.org/W2770038755,
30041,30060,greengar.p,"neher, e",1,https://openalex.org/W2770038755,
30041,30082,greengar.p,"wiesel, tn",1,https://openalex.org/W2770038755,
30043,30055,"blobel, g","sharp, pa",1,https://openalex.org/W2022425120,
30043,30104,"blobel, g","edelman, gm",1,https://openalex.org/W2031279967,
30044,30054,"murad, f","gilman, ag",1,https://openalex.org/W2080102436,
30044,30078,"murad, f","vane, jr",1,https://openalex.org/W2026779790,
30047,30104,"prusiner, sb","edelman, gm",1,https://openalex.org/W2032860676,
30049,30068,"doherty, pc","tonegawa, s",1,https://openalex.org/W2102683915,
30049,30096,"doherty, pc",baltimor.d,1,10.1128/microbe.8.50.1,
30054,30063,"gilman, ag","varmus, he",1,https://openalex.org/W2036618934,
30055,30056,"sharp, pa","roberts, rj",1,https://openalex.org/W1990382254,
30056,30057,"roberts, rj","fischer, eh",1,https://openalex.org/W2770038755,
30056,30060,"roberts, rj","neher, e",1,https://openalex.org/W2770038755,
30056,30063,"roberts, rj","varmus, he",1,https://openalex.org/W1593628712,
30056,30082,"roberts, rj","wiesel, tn",1,https://openalex.org/W2770038755,
30056,30090,"roberts, rj","smith, ho",1,https://openalex.org/W2127230663,
30057,30060,"fischer, eh","neher, e",1,https://openalex.org/W2770038755,
30057,30082,"fischer, eh","wiesel, tn",1,https://openalex.org/W2770038755,
30060,30082,"neher, e","wiesel, tn",1,https://openalex.org/W2770038755,
30061,30062,thomas ed,"murray, je",1,https://openalex.org/W2160969732,
30061,30084,thomas ed,"dausset, j",1,https://openalex.org/W2160969732,
30062,30084,"murray, je","dausset, j",1,https://openalex.org/W2160969732,
30063,30097,"varmus, he","temin, hm",1,https://openalex.org/W2030676469,
30068,30098,"tonegawa, s","dulbecco, r",1,https://openalex.org/W2117152979,
30069,30071,"cohen, s","brown, ms",1,https://openalex.org/W2025136141,
30069,30072,"cohen, s","goldstein, jl",1,https://openalex.org/W2025136141,
30074,30075,"kohler, g","jerne, nk",1,https://openalex.org/W2022298838,
30076,30138,"mcclintock, b","beadle, gw",1,https://openalex.org/W2089885490,
30077,30078,samuelss.b,"vane, jr",1,https://openalex.org/W2004067421,
30079,30107,"bergstrom, s",von euler us,1,https://openalex.org/W1557572813,
30088,30135,"nathans, d","kornberg, a",1,https://openalex.org/W2046492989,
30090,30096,"smith, ho",baltimor.d,1,https://openalex.org/W2046492989,
30090,30130,"smith, ho","watson, jd",1,https://openalex.org/W2046492989,
30090,30135,"smith, ho","kornberg, a",1,https://openalex.org/W2046492989,
30094,30144,"gajdusek, dc","robbins, fc",1,https://openalex.org/W1983871103,
30096,30097,baltimor.d,"temin, hm",1,https://openalex.org/W2073243112,
30096,30098,baltimor.d,"dulbecco, r",1,https://openalex.org/W2125440179,
30096,30104,baltimor.d,"edelman, gm",1,https://openalex.org/W2011524205,
30096,30113,baltimor.d,"nirenberg, m",1,https://openalex.org/W1973311455,
30098,30100,"dulbecco, r","palade, ge",1,10.1126/science.249.4975.1358-a,
30098,30122,"dulbecco, r","lwoff, a",1,https://openalex.org/W2042823269,
30104,30130,"edelman, gm","watson, jd",1,https://openalex.org/W2011524205,
30104,30137,"edelman, gm","lederberg, j",1,https://openalex.org/W2011524205,
30109,30128,"katz, b","huxley, af",1,https://openalex.org/W2008002200,
30109,30186,"katz, b","hill, av",1,https://openalex.org/W2086689047,
30110,30112,"luria, se","delbruck, m",1,2170343590,
30113,30135,"nirenberg, m","kornberg, a",1,https://openalex.org/W1973311455,
30116,30126,"granit, r","eccles, jc",1,https://openalex.org/W2145654658,
30130,30135,"watson, jd","kornberg, a",1,https://openalex.org/W2046492989,
30130,30137,"watson, jd","lederberg, j",1,https://openalex.org/W2011524205,
30136,30157,"ochoa, s","cori, gt",1,https://openalex.org/W2073294431,
30136,30159,"ochoa, s","cori, cf",1,https://openalex.org/W2073294431,
30141,30171,"richards, dw","dale, hh",1,https://openalex.org/W1981217446,
30153,30174,"hench, ps","minot, gr",1,https://openalex.org/W2127389104,
30165,30186,"gasser, hs","hill, av",1,https://openalex.org/W1977714706,
